PSR_ID,lat,lon,area_km2,px_with_radar_data,high_tier_fraction,moderate_plus_fraction
SP_821760_0111040,-82.174,11.11,300.589,2,1.0,1.0
SP_811420_0983240,-81.142,98.324,5.818,1,1.0,1.0
SP_821220_2853910,-82.122,285.391,10.788,30,1.0,1.0
SP_842420_0421060,-84.242,42.106,25.463,87,0.9770114942528736,1.0
SP_817950_1586580,-81.795,158.658,43.429,80,0.9625,1.0
SP_832640_0090770,-83.264,9.077,32.494,113,0.9469026548672567,1.0
SP_820160_2631910,-82.016,263.191,7.2,20,0.9,1.0
SP_810640_3383670,-81.064,338.367,30.669,15,0.8,1.0
SP_830080_0535120,-83.008,53.512,22.471,132,0.7727272727272727,0.8409090909090909
SP_803440_2408640,-80.344,240.864,7.815,13,0.7692307692307693,0.8461538461538461
SP_811360_2696810,-81.136,269.681,7.186,39,0.7435897435897436,1.0
SP_840980_0797630,-84.098,79.764,14.234,84,0.7380952380952381,0.8928571428571429
SP_819860_1568660,-81.986,156.866,10.735,63,0.6984126984126984,0.7777777777777778
SP_809570_2454450,-80.957,245.445,9.198,52,0.6538461538461539,0.7692307692307693
SP_828390_0052930,-82.839,5.293,9.918,44,0.6363636363636364,0.9090909090909091
SP_843920_1135430,-84.392,113.543,8.942,54,0.6296296296296297,0.8333333333333334
SP_813450_1950160,-81.345,195.016,7.512,44,0.6136363636363636,0.75
SP_806880_0857630,-80.688,85.763,300.24,191,0.6020942408376964,0.8900523560209425
SP_808300_2825240,-80.83,282.524,23.731,138,0.6014492753623188,0.8913043478260869
SP_843960_1621040,-84.396,162.104,32.076,75,0.5866666666666667,0.7333333333333333
SP_818790_1353780,-81.879,135.378,16.276,96,0.5625,0.7395833333333334
SP_823350_2167510,-82.335,216.751,16.088,41,0.5609756097560976,0.9512195121951219
SP_860110_2096940,-86.011,209.694,6.39,38,0.5526315789473685,0.7368421052631579
SP_839400_0748820,-83.94,74.882,5.062,29,0.5517241379310345,0.8620689655172413
SP_875930_3125710,-87.593,312.57,101.851,592,0.5506756756756757,0.8547297297297297
SP_820970_2909760,-82.097,290.976,9.187,54,0.5185185185185185,0.7962962962962963
SP_848000_0437590,-84.8,43.759,6.912,41,0.5121951219512195,0.8536585365853658
SP_813110_2434290,-81.311,243.429,8.583,51,0.5098039215686274,0.7843137254901961
SP_799960_1284580,-79.996,128.458,6.382,2,0.5,1.0
SP_820160_2479830,-82.016,247.983,5.011,2,0.5,1.0
SP_821070_1910430,-82.107,191.043,7.701,37,0.4864864864864865,0.7567567567567568
SP_806990_2609570,-80.699,260.957,46.166,252,0.4801587301587302,0.8809523809523809
SP_839380_1322510,-83.938,132.251,5.774,34,0.47058823529411764,0.9117647058823529
SP_856880_1382610,-85.688,138.261,6.077,39,0.46153846153846156,0.8205128205128205
SP_825930_2151660,-82.593,215.166,6.682,38,0.4473684210526316,0.868421052631579
SP_833590_2639010,-83.359,263.901,8.111,45,0.4444444444444444,0.9111111111111111
SP_835090_2977670,-83.509,297.768,17.467,104,0.4230769230769231,0.8365384615384616
SP_824430_1935820,-82.443,193.582,5.501,31,0.41935483870967744,0.6451612903225806
SP_805100_2821250,-80.51,282.125,8.165,48,0.4166666666666667,0.8541666666666666
SP_853570_0498630,-85.357,49.866,139.594,330,0.41515151515151516,0.8181818181818182
SP_803140_1948670,-80.314,194.867,26.77,157,0.4012738853503185,0.6878980891719745
SP_820100_2831290,-82.01,283.129,8.016,45,0.4,0.8
SP_811330_2793740,-81.133,279.374,7.805,46,0.391304347826087,0.8043478260869565
SP_850230_1826070,-85.023,182.607,371.657,1723,0.3784097504352873,0.7568195008705746
SP_819070_2456410,-81.907,245.641,7.29,43,0.37209302325581395,0.9534883720930233
SP_877030_1108490,-87.703,110.849,5.526,35,0.37142857142857144,0.6285714285714286
SP_838740_2774750,-83.874,277.475,9.364,57,0.3684210526315789,0.8245614035087719
SP_848170_2531360,-84.817,253.136,8.942,41,0.36585365853658536,0.7317073170731707
SP_811170_1103320,-81.117,110.332,15.679,85,0.36470588235294116,0.7764705882352941
SP_838910_1184700,-83.891,118.47,326.804,1910,0.36178010471204186,0.6057591623036649
SP_805410_3513540,-80.541,351.354,13.421,9,0.3333333333333333,0.8888888888888888
SP_834700_1757740,-83.47,175.773,113.461,561,0.31907308377896615,0.7219251336898396
SP_864540_2463730,-86.454,246.373,6.156,22,0.3181818181818182,0.6818181818181818
SP_896450_1282030,-89.645,128.203,233.698,187,0.3155080213903743,0.5026737967914439
SP_858910_0680440,-85.89,68.043,17.276,93,0.3118279569892473,0.7419354838709677
SP_825510_3282650,-82.551,328.265,7.963,45,0.3111111111111111,0.6888888888888889
SP_830760_0866010,-83.076,86.604,29.081,177,0.3107344632768362,0.9322033898305084
SP_838590_2630960,-83.859,263.096,25.358,143,0.3076923076923077,0.6153846153846154
SP_818580_2863520,-81.858,286.352,11.045,65,0.3076923076923077,0.6461538461538462
SP_832830_2218380,-83.282,221.839,11.452,36,0.3055555555555556,0.8888888888888888
SP_824630_2701340,-82.463,270.134,11.143,76,0.3026315789473684,0.7631578947368421
SP_802980_2902000,-80.298,290.2,5.069,30,0.3,0.6666666666666666
SP_861810_0724650,-86.181,72.465,22.91,128,0.296875,0.6484375
SP_846740_2192870,-84.674,219.287,28.861,154,0.2922077922077922,0.564935064935065
SP_833370_2762390,-83.337,276.239,5.022,31,0.2903225806451613,0.9354838709677419
SP_885720_3307300,-88.572,330.73,9.504,52,0.28846153846153844,0.7307692307692307
SP_841420_0059530,-84.142,5.947,194.951,661,0.2874432677760968,0.7609682299546142
SP_820930_2525100,-82.093,252.51,12.96,75,0.28,0.68
SP_833060_0855030,-83.306,85.503,36.306,213,0.27699530516431925,0.7183098591549296
SP_828030_1905080,-82.803,190.508,6.959,40,0.275,0.725
SP_862290_2910480,-86.229,291.048,5.35,33,0.2727272727272727,0.7878787878787878
SP_815020_2945690,-81.502,294.569,71.806,417,0.2709832134292566,0.7266187050359713
SP_885400_1004650,-88.54,100.465,5.31,19,0.2631578947368421,0.631578947368421
SP_817350_2002230,-81.735,200.223,46.735,271,0.25830258302583026,0.6900369003690037
SP_838270_2552930,-83.827,255.293,16.553,98,0.25510204081632654,0.6530612244897959
SP_841710_1745910,-84.171,174.591,5.836,36,0.25,0.6944444444444444
SP_849230_2362280,-84.923,236.228,10.382,60,0.23333333333333334,0.5833333333333334
SP_831940_0871580,-83.194,87.158,5.299,30,0.23333333333333334,0.6666666666666666
SP_843890_1402790,-84.389,140.279,9.882,53,0.22641509433962265,0.7735849056603774
SP_819220_1874810,-81.922,187.481,6.477,31,0.22580645161290322,0.9032258064516129
SP_867930_0609460,-86.793,60.947,24.347,142,0.22535211267605634,0.49295774647887325
SP_878530_3185060,-87.853,318.505,11.257,63,0.2222222222222222,0.5555555555555556
SP_883120_2691430,-88.312,269.144,243.392,1246,0.22150882825040127,0.6219903691813804
SP_892100_3421950,-89.21,342.195,5.717,32,0.21875,0.75
SP_847880_3354420,-84.788,335.442,6.844,32,0.21875,0.75
SP_842890_0563440,-84.289,56.343,98.05,556,0.21762589928057555,0.512589928057554
SP_812320_3534500,-81.232,353.45,13.378,24,0.20833333333333334,1.0
SP_883170_0809830,-88.317,80.983,28.66,154,0.2077922077922078,0.5584415584415584
SP_818190_0694460,-81.819,69.446,16.955,53,0.20754716981132076,0.5283018867924528
SP_846090_2604870,-84.609,260.487,5.612,15,0.2,0.4666666666666667
SP_832600_0820620,-83.259,82.073,139.115,641,0.1996879875195008,0.6380655226209049
SP_836320_2801250,-83.631,280.125,43.056,256,0.1953125,0.5625
SP_815660_2829890,-81.566,282.989,7.121,41,0.1951219512195122,0.7317073170731707
SP_839950_3514880,-83.995,351.488,13.273,78,0.19230769230769232,0.5512820512820513
SP_804280_1769430,-80.428,176.943,9.029,27,0.18518518518518517,0.4074074074074074
SP_838860_2839350,-83.886,283.934,10.062,60,0.18333333333333332,0.5166666666666667
SP_840090_2612130,-84.009,261.213,5.573,33,0.18181818181818182,0.5757575757575758
SP_864040_0314430,-86.404,31.443,120.578,648,0.18055555555555555,0.5354938271604939
SP_841480_2552970,-84.148,255.297,7.844,45,0.17777777777777778,0.5555555555555556
SP_860780_3461430,-86.078,346.143,7.578,45,0.17777777777777778,0.9555555555555556
SP_837240_2836250,-83.723,283.625,11.088,68,0.17647058823529413,0.6617647058823529
SP_804240_1354850,-80.424,135.48,155.909,913,0.171960569550931,0.5421686746987951
SP_843550_2251140,-84.355,225.114,76.759,434,0.16820276497695852,0.716589861751152
SP_818620_3499460,-81.862,349.946,27.331,12,0.16666666666666666,0.5
SP_879600_1679640,-87.96,167.964,5.216,30,0.16666666666666666,0.9333333333333333
SP_876470_0668600,-87.647,66.86,5.9,36,0.16666666666666666,0.5833333333333334
SP_836660_0840100,-83.666,84.011,45.785,214,0.16355140186915887,0.7570093457943925
SP_809710_0357350,-80.97,35.736,166.374,683,0.16251830161054173,0.49633967789165445
SP_830550_0674490,-83.055,67.443,130.658,710,0.1619718309859155,0.7774647887323943
SP_832050_0736210,-83.205,73.619,17.554,95,0.15789473684210525,0.8842105263157894
SP_809100_3154980,-80.91,315.498,5.958,32,0.15625,0.90625
SP_838780_3211110,-83.878,321.11,11.808,71,0.15492957746478872,0.7183098591549296
SP_846960_1555270,-84.696,155.524,15.264,13,0.15384615384615385,0.38461538461538464
SP_853430_1441490,-85.343,144.149,9.076,53,0.1509433962264151,0.5660377358490566
SP_838890_3143320,-83.889,314.332,17.708,101,0.1485148514851485,0.6138613861386139
SP_871460_0840750,-87.146,84.075,663.959,2723,0.1483657730444363,0.7032684539111275
SP_846850_3536460,-84.685,353.645,17.356,62,0.14516129032258066,0.8225806451612904
SP_835240_0910150,-83.524,91.015,439.222,2567,0.14452668484612388,0.6174522789248149
SP_846940_1753570,-84.694,175.355,30.611,183,0.14207650273224043,0.6666666666666666
SP_823430_2318760,-82.343,231.876,5.126,29,0.13793103448275862,0.8620689655172413
SP_814050_0021200,-81.405,2.12,115.099,354,0.13559322033898305,0.4180790960451977
SP_829960_3218060,-82.996,321.806,5.234,30,0.13333333333333333,0.6333333333333333
SP_858680_3094240,-85.868,309.424,8.057,46,0.13043478260869565,0.5652173913043478
SP_806240_0172810,-80.624,17.281,79.92,269,0.13011152416356878,0.5130111524163569
SP_836140_2415060,-83.614,241.506,6.714,39,0.1282051282051282,0.6666666666666666
SP_845640_2574190,-84.565,257.425,13.176,78,0.1282051282051282,0.4358974358974359
SP_867870_0536640,-86.787,53.664,11.444,63,0.12698412698412698,0.5555555555555556
SP_804590_3088780,-80.454,308.857,13.928,79,0.12658227848101267,0.5822784810126582
SP_818960_3003250,-81.896,300.325,6.109,32,0.125,0.75
SP_818940_2907730,-81.894,290.773,8.821,51,0.11764705882352941,0.5882352941176471
SP_889730_0648850,-88.973,64.885,5.814,34,0.11764705882352941,0.6470588235294118
SP_822410_0595740,-82.241,59.574,12.427,70,0.11428571428571428,0.5142857142857142
SP_871270_0406840,-87.127,40.682,30.654,181,0.11049723756906077,0.5248618784530387
SP_839920_3091290,-83.992,309.129,74.531,436,0.11009174311926606,0.4243119266055046
SP_827550_0675820,-82.755,67.582,9.335,57,0.10526315789473684,0.9649122807017544
SP_830590_0483090,-83.059,48.309,6.106,38,0.10526315789473684,0.47368421052631576
SP_812260_3436580,-81.226,343.658,34.433,88,0.10227272727272728,0.6363636363636364
SP_852110_2384420,-85.211,238.442,11.023,59,0.1016949152542373,0.4915254237288136
SP_840570_2974330,-84.057,297.433,8.37,50,0.1,0.52
SP_873890_2512470,-87.389,251.247,46.933,224,0.09821428571428571,0.53125
SP_848780_1995820,-84.878,199.582,6.577,41,0.0975609756097561,0.3902439024390244
SP_811620_1020450,-81.162,102.045,24.091,139,0.09352517985611511,0.6402877697841727
SP_811730_1243120,-81.173,124.312,9.061,54,0.09259259259259259,0.3333333333333333
SP_875750_3329770,-87.575,332.977,11.268,65,0.09230769230769231,0.6461538461538462
SP_816480_0652210,-81.648,65.222,79.788,466,0.09227467811158799,0.4721030042918455
SP_863550_0488280,-86.355,48.829,132.631,242,0.09090909090909091,0.2975206611570248
SP_823970_0589970,-82.397,58.997,7.373,44,0.09090909090909091,0.4090909090909091
SP_810980_1423640,-81.098,142.364,8.053,45,0.08888888888888889,0.6222222222222222
SP_836400_2007930,-83.64,200.793,7.592,45,0.08888888888888889,0.5111111111111111
SP_876960_1043870,-87.696,104.387,7.351,45,0.08888888888888889,0.37777777777777777
SP_831760_2041370,-83.176,204.137,5.137,23,0.08695652173913043,0.6521739130434783
SP_835040_2720960,-83.504,272.097,14.886,81,0.08641975308641975,0.654320987654321
SP_827270_2065240,-82.727,206.524,8.737,47,0.0851063829787234,0.574468085106383
SP_814440_3172250,-81.444,317.226,98.377,546,0.08424908424908426,0.32967032967032966
SP_841820_2710340,-84.182,271.034,62.251,368,0.08423913043478261,0.5271739130434783
SP_847550_1500770,-84.754,150.083,73.426,12,0.08333333333333333,0.6666666666666666
SP_826030_1728380,-82.603,172.838,7.909,48,0.08333333333333333,0.625
SP_869250_0482770,-86.925,48.276,10.919,37,0.08108108108108109,0.7297297297297297
SP_845460_0695020,-84.546,69.502,6.484,38,0.07894736842105263,0.6578947368421053
SP_814860_0147990,-81.486,14.799,37.039,192,0.078125,0.5260416666666666
SP_831370_3119250,-83.136,311.923,12.438,75,0.06666666666666667,0.4266666666666667
SP_845770_0017070,-84.577,1.709,103.846,378,0.06613756613756613,0.2804232804232804
SP_811360_3570070,-81.136,357.007,130.579,92,0.06521739130434782,0.4891304347826087
SP_812330_0660150,-81.233,66.015,17.099,93,0.06451612903225806,0.5376344086021505
SP_851970_2671550,-85.197,267.152,20.714,125,0.064,0.432
SP_873970_2748620,-87.397,274.862,5.774,32,0.0625,0.3125
SP_858720_3388420,-85.872,338.842,5.756,32,0.0625,0.5
SP_892150_0734730,-89.215,73.473,6.71,16,0.0625,0.3125
SP_868670_2973140,-86.867,297.314,14.249,82,0.06097560975609756,0.524390243902439
SP_878090_3251650,-87.809,325.161,23.281,132,0.06060606060606061,0.4393939393939394
SP_867600_2959220,-86.76,295.922,5.71,33,0.06060606060606061,0.36363636363636365
SP_804940_3070250,-80.494,307.025,17.433,102,0.058823529411764705,0.39215686274509803
SP_816780_2566500,-81.678,256.65,8.739,19,0.05263157894736842,0.7368421052631579
SP_845510_0602900,-84.552,60.281,183.107,1064,0.05169172932330827,0.3806390977443609
SP_809650_0886110,-80.965,88.611,40.45,219,0.0502283105022831,0.5159817351598174
SP_852830_2061020,-85.282,206.103,16.009,42,0.047619047619047616,0.7380952380952381
SP_854150_3078410,-85.415,307.84,127.418,646,0.04643962848297214,0.24613003095975233
SP_830490_3505380,-83.049,350.54,102.211,443,0.045146726862302484,0.5146726862302483
SP_843700_3057300,-84.37,305.734,11.599,68,0.04411764705882353,0.36764705882352944
SP_876600_2623440,-87.66,262.339,13.99,68,0.04411764705882353,0.35294117647058826
SP_828910_2713550,-82.891,271.356,73.786,150,0.04,0.4533333333333333
SP_812340_0890490,-81.234,89.049,24.912,102,0.0392156862745098,0.5294117647058824
SP_869290_1543540,-86.929,154.354,8.928,26,0.038461538461538464,0.8461538461538461
SP_872560_3120600,-87.256,312.056,20.495,78,0.038461538461538464,0.2692307692307692
SP_847720_1650130,-84.772,165.013,11.596,26,0.038461538461538464,0.6538461538461539
SP_869800_1078330,-86.98,107.833,68.591,403,0.03722084367245657,0.45161290322580644
SP_840340_2688620,-84.034,268.862,9.605,55,0.03636363636363636,0.6181818181818182
SP_847630_0851660,-84.763,85.166,5.108,29,0.034482758620689655,0.3448275862068966
SP_834150_2749360,-83.412,274.909,39.431,235,0.03404255319148936,0.48936170212765956
SP_807890_1344870,-80.789,134.487,5.238,30,0.03333333333333333,0.5666666666666667
SP_846780_3207920,-84.678,320.792,5.512,30,0.03333333333333333,0.16666666666666666
SP_889630_1297830,-88.963,129.783,6.001,30,0.03333333333333333,0.9
SP_835340_3009100,-83.534,300.91,5.897,30,0.03333333333333333,0.5333333333333333
SP_874930_3578760,-87.493,357.877,1017.976,5761,0.03245964242319042,0.261065787189724
SP_837670_3387710,-83.767,338.772,143.024,776,0.03221649484536082,0.47680412371134023
SP_832950_1495450,-83.295,149.545,114.754,655,0.03206106870229008,0.40458015267175573
SP_862670_2349900,-86.267,234.99,16.027,95,0.031578947368421054,0.3368421052631579
SP_819690_0250940,-81.969,25.095,95.332,327,0.03058103975535168,0.345565749235474
SP_881000_1147820,-88.1,114.79,183.312,819,0.030525030525030524,0.20024420024420025
SP_804340_0358560,-80.434,35.856,6.235,33,0.030303030303030304,0.09090909090909091
SP_864480_2507240,-86.448,250.724,6.034,34,0.029411764705882353,0.5882352941176471
SP_853600_3177620,-85.36,317.758,42.718,249,0.028112449799196786,0.1646586345381526
SP_843560_1239210,-84.356,123.921,35.881,181,0.027624309392265192,0.5911602209944752
SP_814340_3246240,-81.434,324.624,19.386,109,0.027522935779816515,0.5321100917431193
SP_880260_0452790,-88.026,45.279,1075.518,2968,0.026617250673854446,0.24494609164420486
SP_849040_3196480,-84.904,319.648,19.544,115,0.02608695652173913,0.17391304347826086
SP_843960_2077750,-84.396,207.775,72.346,402,0.024875621890547265,0.23134328358208955
SP_890390_3377770,-89.038,337.786,60.426,244,0.02459016393442623,0.4426229508196721
SP_893260_0196510,-89.326,19.651,7.823,44,0.022727272727272728,0.75
SP_833910_3116550,-83.391,311.655,7.913,45,0.022222222222222223,0.6444444444444445
SP_812340_1138520,-81.234,113.852,8.765,49,0.02040816326530612,0.1836734693877551
SP_851120_3049850,-85.112,304.985,8.654,50,0.02,0.46
SP_842450_2744930,-84.245,274.493,7.898,50,0.02,0.12
SP_869770_0325310,-86.977,32.531,8.748,53,0.018867924528301886,0.5471698113207547
SP_842540_3177610,-84.254,317.761,9.99,56,0.017857142857142856,0.08928571428571429
SP_814140_2963110,-81.414,296.311,43.111,175,0.017142857142857144,0.42857142857142855
SP_814010_0196980,-81.401,19.698,14.03,66,0.015151515151515152,0.7878787878787878
SP_885280_1846930,-88.528,184.689,11.624,67,0.014925373134328358,0.31343283582089554
SP_882490_2164550,-88.249,216.455,548.953,2233,0.014778325123152709,0.322884012539185
SP_816910_3053810,-81.69,305.38,377.809,2005,0.013466334164588529,0.22194513715710723
SP_859560_3063890,-85.956,306.389,12.791,79,0.012658227848101266,0.3291139240506329
SP_867440_0218610,-86.744,21.858,237.51,1390,0.01223021582733813,0.14532374100719425
SP_815900_2903180,-81.59,290.318,15.235,88,0.011363636363636364,0.2727272727272727
SP_820880_1687420,-82.088,168.742,47.45,278,0.01079136690647482,0.20503597122302158
SP_873660_3292250,-87.366,329.225,33.728,198,0.010101010101010102,0.2878787878787879
SP_806710_1408660,-80.671,140.867,18.803,109,0.009174311926605505,0.22018348623853212
SP_824450_2271370,-82.445,227.137,20.005,111,0.009009009009009009,0.3333333333333333
SP_812090_0460390,-81.209,46.036,33.419,120,0.008333333333333333,0.13333333333333333
SP_803930_0373630,-80.393,37.363,21.442,123,0.008130081300813009,0.12195121951219512
SP_818450_3211710,-81.845,321.171,22.756,132,0.007575757575757576,0.1893939393939394
SP_823950_3576610,-82.393,357.661,61.238,302,0.006622516556291391,0.10264900662251655
SP_807910_0455060,-80.791,45.507,85.403,179,0.00558659217877095,0.3407821229050279
SP_874430_1188390,-87.443,118.839,61.506,359,0.005571030640668524,0.1977715877437326
SP_837400_1630860,-83.739,163.086,194.861,1138,0.005272407732864675,0.3224956063268893
SP_844580_3134320,-84.458,313.432,315.029,1784,0.0033632286995515697,0.10145739910313901
SP_817610_0619190,-81.761,61.919,79.178,460,0.002173913043478261,0.29782608695652174
SP_841180_2482770,-84.118,248.277,6.106,14,0.0,0.5
SP_818570_2309500,-81.857,230.95,7.708,44,0.0,0.5227272727272727
SP_836970_1935950,-83.697,193.595,7.805,46,0.0,0.08695652173913043
SP_813840_3355180,-81.384,335.518,5.225,26,0.0,0.07692307692307693
SP_811530_3275110,-81.153,327.511,6.073,32,0.0,0.25
SP_845100_3325830,-84.51,332.583,6.192,6,0.0,0.5
SP_807960_1146420,-80.796,114.642,11.745,62,0.0,0.12903225806451613
SP_820070_0167090,-82.007,16.709,12.994,53,0.0,0.6981132075471698
SP_844930_2526440,-84.493,252.644,6.743,39,0.0,0.6923076923076923
SP_810930_3197620,-81.093,319.762,6.732,26,0.0,0.11538461538461539
SP_827640_0162250,-82.764,16.225,6.26,37,0.0,0.02702702702702703
SP_802230_0561110,-80.223,56.111,16.119,7,0.0,0.14285714285714285
SP_840060_2508150,-84.006,250.815,7.83,31,0.0,0.41935483870967744
SP_875190_1358460,-87.519,135.846,5.432,19,0.0,0.5263157894736842
SP_830450_2084240,-83.045,208.424,6.772,39,0.0,0.1794871794871795
SP_836770_1968510,-83.677,196.851,5.134,31,0.0,0.0967741935483871
SP_827050_2262610,-82.705,226.261,5.735,32,0.0,0.53125
SP_831800_2218340,-83.18,221.834,5.976,7,0.0,0.42857142857142855
SP_814860_0681830,-81.486,68.183,11.279,67,0.0,0.373134328358209
SP_840800_1772640,-84.08,177.264,9.0,55,0.0,0.5818181818181818
SP_820270_2146540,-82.027,214.654,7.132,42,0.0,0.4523809523809524
SP_824820_3550120,-82.482,355.004,124.33,237,0.0,0.08016877637130802
SP_814210_0535940,-81.421,53.594,9.403,51,0.0,0.0392156862745098
SP_883220_1475060,-88.322,147.506,50.702,23,0.0,0.043478260869565216
SP_837200_2975300,-83.72,297.531,10.094,57,0.0,0.7192982456140351
SP_869020_0278760,-86.902,27.874,11.495,69,0.0,0.07246376811594203
SP_843980_2899650,-84.398,289.965,19.775,28,0.0,0.17857142857142858
SP_889970_3170870,-88.997,317.091,44.323,54,0.0,0.16666666666666666
SP_889130_1507620,-88.913,150.762,15.563,48,0.0,0.625
SP_878330_1263810,-87.832,126.38,11.099,66,0.0,0.09090909090909091
SP_887280_1688800,-88.728,168.88,88.607,199,0.0,0.7286432160804021
SP_882670_1568690,-88.267,156.869,10.897,39,0.0,0.8717948717948718
SP_835620_2995530,-83.562,299.553,10.138,62,0.0,0.8064516129032258
SP_865300_2381460,-86.53,238.146,10.361,13,0.0,0.0
SP_856730_2119650,-85.673,211.965,12.078,63,0.0,0.19047619047619047
SP_855490_2096710,-85.549,209.672,13.979,81,0.0,0.1728395061728395
SP_848000_2061800,-84.8,206.179,20.693,9,0.0,0.0
SP_824700_2291520,-82.47,229.151,15.804,15,0.0,1.0
SP_822730_2243490,-82.273,224.347,15.422,89,0.0,0.0898876404494382
SP_822920_2211100,-82.291,221.109,16.646,79,0.0,0.05063291139240506
SP_847970_3070080,-84.797,307.005,22.835,135,0.0,0.0
SP_846040_3080410,-84.603,308.044,13.741,80,0.0,0.0
SP_847970_3487750,-84.797,348.775,7.729,1,0.0,0.0
SP_810340_0483070,-81.034,48.306,11.729,56,0.0,0.017857142857142856
SP_802260_0424290,-80.226,42.429,99.882,72,0.0,0.09722222222222222
SP_800780_0456630,-80.077,45.661,37.537,101,0.0,0.12871287128712872
SP_825890_0285130,-82.588,28.517,11.916,30,0.0,0.06666666666666667
SP_836140_3528490,-83.613,352.852,15.3,41,0.0,0.04878048780487805
SP_816970_3196200,-81.697,319.62,15.415,52,0.0,0.038461538461538464
SP_809640_3141160,-80.964,314.116,11.815,66,0.0,0.4393939393939394
SP_804650_0491050,-80.465,49.105,17.993,92,0.0,0.5217391304347826
SP_837240_0195180,-83.724,19.518,17.662,106,0.0,0.5188679245283019
SP_850590_3238160,-85.059,323.808,46.526,4,0.0,0.0
SP_806510_0507610,-80.65,50.761,15.109,87,0.0,0.27586206896551724
SP_841060_3423520,-84.106,342.352,19.192,112,0.0,0.20535714285714285
SP_842430_3468180,-84.243,346.818,41.083,239,0.0,0.5271966527196653
SP_816240_3094250,-81.624,309.421,10.415,46,0.0,0.0
SP_842140_3232340,-84.214,323.223,14.342,77,0.0,0.012987012987012988
SP_846070_3232410,-84.607,323.236,43.542,87,0.0,0.08045977011494253
SP_820540_0583270,-82.054,58.327,12.11,20,0.0,0.45
SP_813790_1708250,-81.379,170.825,8.222,42,0.0,0.07142857142857142
SP_809420_0826190,-80.942,82.619,17.107,76,0.0,0.06578947368421052
SP_809330_3447120,-80.933,344.712,6.091,15,0.0,0.0
SP_859960_3189560,-85.996,318.956,5.566,34,0.0,0.38235294117647056
SP_877630_0142920,-87.763,14.292,5.339,34,0.0,0.38235294117647056
SP_840930_3138320,-84.093,313.832,9.623,58,0.0,0.3103448275862069
SP_847790_3176240,-84.779,317.624,9.659,55,0.0,0.12727272727272726
SP_836610_3027240,-83.661,302.724,5.137,28,0.0,0.42857142857142855
SP_833350_3004430,-83.335,300.443,9.626,57,0.0,0.2631578947368421
SP_846760_0470540,-84.676,47.054,5.526,10,0.0,0.0
SP_856540_0457150,-85.654,45.715,6.228,7,0.0,1.0
SP_845880_0533560,-84.588,53.356,8.431,3,0.0,0.6666666666666666
SP_810100_3511850,-81.01,351.185,9.648,54,0.0,0.5555555555555556
SP_818520_3197490,-81.852,319.749,5.926,23,0.0,0.6521739130434783
SP_809240_3091310,-80.924,309.131,5.051,25,0.0,0.48
SP_842170_3497860,-84.217,349.786,5.987,31,0.0,0.22580645161290322
SP_828090_3217290,-82.809,321.729,6.854,41,0.0,0.2926829268292683
SP_834120_3366970,-83.412,336.697,7.481,26,0.0,0.038461538461538464
SP_810100_0472230,-81.01,47.223,7.898,48,0.0,0.041666666666666664
SP_812380_0532000,-81.238,53.2,6.354,37,0.0,0.1891891891891892
SP_869430_0435040,-86.943,43.504,5.443,6,0.0,0.16666666666666666
SP_846240_2956370,-84.624,295.637,6.944,2,0.0,1.0
SP_870200_0151380,-87.02,15.138,7.556,44,0.0,0.22727272727272727
SP_839010_2787150,-83.901,278.715,5.27,33,0.0,0.5151515151515151
SP_814960_0183290,-81.496,18.329,5.299,29,0.0,0.27586206896551724
SP_805640_3296770,-80.564,329.677,5.933,36,0.0,0.5277777777777778
SP_802040_3230700,-80.204,323.07,5.386,23,0.0,0.13043478260869565
SP_812070_0308360,-81.207,30.836,7.445,18,0.0,0.0
SP_802920_0385530,-80.292,38.553,33.451,53,0.0,0.7358490566037735
SP_809720_0022940,-80.972,2.294,18.029,12,0.0,0.0
SP_886050_2261990,-88.605,226.199,6.34,37,0.0,0.05405405405405406
SP_856470_2627260,-85.647,262.726,6.689,41,0.0,0.1951219512195122
SP_845570_2543880,-84.557,254.388,9.979,59,0.0,0.06779661016949153
SP_847930_2862170,-84.793,286.217,5.674,30,0.0,0.43333333333333335
SP_866190_0680240,-86.619,68.024,8.417,17,0.0,0.4117647058823529
SP_836180_2779590,-83.618,277.959,7.448,45,0.0,0.8666666666666667
SP_857850_2826560,-85.785,282.656,8.701,4,0.0,0.75
SP_886860_3145140,-88.686,314.514,7.25,41,0.0,0.3902439024390244
SP_881610_3059360,-88.161,305.936,8.19,30,0.0,0.4666666666666667
SP_843040_1277030,-84.304,127.703,6.898,41,0.0,0.34146341463414637
