PSR_ID,lat,lon,area_km2,px_with_radar_data,high_tier_fraction,moderate_plus_fraction,anomaly_score,is_anomaly_iforest_label,anomaly_rank
SP_874930_3578760,-87.493,357.877,1017.976,5761,0.032459642,0.261065787,0.28965615,TRUE,1
SP_880260_0452790,-88.026,45.279,1075.518,2968,0.026617251,0.244946092,0.249003968,TRUE,2
SP_871460_0840750,-87.146,84.075,663.959,2723,0.148365773,0.703268454,0.21700596,TRUE,3
SP_821760_0111040,-82.174,11.11,300.589,2,1,1,0.212926479,TRUE,4
SP_850230_1826070,-85.023,182.607,371.657,1723,0.37840975,0.756819501,0.171766167,TRUE,5
SP_838910_1184700,-83.891,118.47,326.804,1910,0.361780105,0.605759162,0.165250134,TRUE,6
SP_835240_0910150,-83.524,91.015,439.222,2567,0.144526685,0.617452279,0.162027306,TRUE,7
SP_882490_2164550,-88.249,216.455,548.953,2233,0.014778325,0.322884013,0.157581107,TRUE,8
SP_806880_0857630,-80.688,85.763,300.24,191,0.602094241,0.890052356,0.157149517,TRUE,9
SP_844580_3134320,-84.458,313.432,315.029,1784,0.003363229,0.101457399,0.142423237,TRUE,10
SP_816910_3053810,-81.69,305.38,377.809,2005,0.013466334,0.221945137,0.131215016,TRUE,11
SP_832640_0090770,-83.264,9.077,32.494,113,0.946902655,1,0.120283839,TRUE,12
SP_867440_0218610,-86.744,21.858,237.51,1390,0.012230216,0.145323741,0.112941354,TRUE,13
SP_817950_1586580,-81.795,158.658,43.429,80,0.9625,1,0.108615165,TRUE,14
SP_811420_0983240,-81.142,98.324,5.818,1,1,1,0.099979866,TRUE,15
SP_842420_0421060,-84.242,42.106,25.463,87,0.977011494,1,0.099233505,TRUE,16
SP_883120_2691430,-88.312,269.144,243.392,1246,0.221508828,0.621990369,0.098670567,TRUE,17
SP_875930_3125710,-87.593,312.57,101.851,592,0.550675676,0.85472973,0.096332646,TRUE,18
SP_896450_1282030,-89.645,128.203,233.698,187,0.315508021,0.502673797,0.079157851,TRUE,19
SP_821220_2853910,-82.122,285.391,10.788,30,1,1,0.077986277,TRUE,20
SP_837400_1630860,-83.739,163.086,194.861,1138,0.005272408,0.322495606,0.064235298,TRUE,21
SP_810640_3383670,-81.064,338.367,30.669,15,0.8,1,0.063341298,TRUE,22
SP_841420_0059530,-84.142,5.947,194.951,661,0.287443268,0.76096823,0.062873397,TRUE,23
SP_820160_2631910,-82.016,263.191,7.2,20,0.9,1,0.058921771,TRUE,24
SP_845510_0602900,-84.552,60.281,183.107,1064,0.051691729,0.380639098,0.052902791,TRUE,25
SP_881000_1147820,-88.1,114.79,183.312,819,0.030525031,0.2002442,0.051988607,TRUE,26
SP_830080_0535120,-83.008,53.512,22.471,132,0.772727273,0.840909091,0.051372279,TRUE,27
SP_853570_0498630,-85.357,49.866,139.594,330,0.415151515,0.818181818,0.050720895,TRUE,28
SP_804240_1354850,-80.424,135.48,155.909,913,0.17196057,0.542168675,0.034545801,TRUE,29
SP_806990_2609570,-80.699,260.957,46.166,252,0.48015873,0.880952381,0.027457938,TRUE,30
SP_834700_1757740,-83.47,175.773,113.461,561,0.319073084,0.721925134,0.026090189,TRUE,31
SP_830550_0674490,-83.055,67.443,130.658,710,0.161971831,0.777464789,0.023880959,TRUE,32
SP_811360_2696810,-81.136,269.681,7.186,39,0.743589744,1,0.020191036,TRUE,33
SP_803440_2408640,-80.344,240.864,7.815,13,0.769230769,0.846153846,0.015784599,TRUE,34
SP_809710_0357350,-80.97,35.736,166.374,683,0.162518302,0.496339678,0.014565407,TRUE,35
SP_824820_3550120,-82.482,355.004,124.33,237,0,0.080168776,0.014182345,TRUE,36
SP_832600_0820620,-83.259,82.073,139.115,641,0.199687988,0.638065523,0.013476357,TRUE,37
SP_837670_3387710,-83.767,338.772,143.024,776,0.032216495,0.476804124,0.011901784,TRUE,38
SP_820160_2479830,-82.016,247.983,5.011,2,0.5,1,0.009745069,TRUE,39
SP_840980_0797630,-84.098,79.764,14.234,84,0.738095238,0.892857143,0.005606032,TRUE,40
SP_854150_3078410,-85.415,307.84,127.418,646,0.046439628,0.246130031,0.004432108,TRUE,41
SP_863550_0488280,-86.355,48.829,132.631,242,0.090909091,0.297520661,0.002254142,TRUE,42
SP_842890_0563440,-84.289,56.343,98.05,556,0.217625899,0.512589928,0.002134804,TRUE,43
SP_808300_2825240,-80.83,282.524,23.731,138,0.601449275,0.891304348,0.001462164,TRUE,44
SP_799960_1284580,-79.996,128.458,6.382,2,0.5,1,0.000957401,TRUE,45
SP_864040_0314430,-86.404,31.443,120.578,648,0.180555556,0.535493827,0.000840766,TRUE,46
SP_814050_0021200,-81.405,2.12,115.099,354,0.13559322,0.418079096,-0.004168173,FALSE,47
SP_846240_2956370,-84.624,295.637,6.944,2,0,1,-0.004525227,FALSE,48
SP_830760_0866010,-83.076,86.604,29.081,177,0.310734463,0.93220339,-0.006079109,FALSE,49
SP_815020_2945690,-81.502,294.569,71.806,417,0.270983213,0.726618705,-0.009025862,FALSE,50
SP_824700_2291520,-82.47,229.151,15.804,15,0,1,-0.010683376,FALSE,51
SP_814440_3172250,-81.444,317.226,98.377,546,0.084249084,0.32967033,-0.013020926,FALSE,52
SP_832950_1495450,-83.295,149.545,114.754,655,0.032061069,0.404580153,-0.013866861,FALSE,53
SP_823950_3576610,-82.393,357.661,61.238,302,0.006622517,0.102649007,-0.013964323,FALSE,54
SP_856540_0457150,-85.654,45.715,6.228,7,0,1,-0.013968201,FALSE,55
SP_843960_1621040,-84.396,162.104,32.076,75,0.586666667,0.733333333,-0.018659453,FALSE,56
SP_823350_2167510,-82.335,216.751,16.088,41,0.56097561,0.951219512,-0.020584531,FALSE,57
SP_850590_3238160,-85.059,323.808,46.526,4,0,0,-0.021480319,FALSE,58
SP_819860_1568660,-81.986,156.866,10.735,63,0.698412698,0.777777778,-0.02254454,FALSE,59
SP_845770_0017070,-84.577,1.709,103.846,378,0.066137566,0.28042328,-0.023993826,FALSE,60
SP_843550_2251140,-84.355,225.114,76.759,434,0.168202765,0.716589862,-0.024631245,FALSE,61
SP_887280_1688800,-88.728,168.88,88.607,199,0,0.728643216,-0.026631365,FALSE,62
SP_839920_3091290,-83.992,309.129,74.531,436,0.110091743,0.424311927,-0.029408412,FALSE,63
SP_812320_3534500,-81.232,353.45,13.378,24,0.208333333,1,-0.031100944,FALSE,64
SP_843960_2077750,-84.396,207.775,72.346,402,0.024875622,0.231343284,-0.031638237,FALSE,65
SP_817610_0619190,-81.761,61.919,79.178,460,0.002173913,0.297826087,-0.031885918,FALSE,66
SP_802260_0424290,-80.226,42.429,99.882,72,0,0.097222222,-0.035787149,FALSE,67
SP_811360_3570070,-81.136,357.007,130.579,92,0.065217391,0.489130435,-0.035821986,FALSE,68
SP_828390_0052930,-82.839,5.293,9.918,44,0.636363636,0.909090909,-0.036041742,FALSE,69
SP_816480_0652210,-81.648,65.222,79.788,466,0.092274678,0.472103004,-0.036609294,FALSE,70
SP_874430_1188390,-87.443,118.839,61.506,359,0.005571031,0.197771588,-0.038207745,FALSE,71
SP_830490_3505380,-83.049,350.54,102.211,443,0.045146727,0.514672686,-0.038517329,FALSE,72
SP_817350_2002230,-81.735,200.223,46.735,271,0.258302583,0.6900369,-0.03859981,FALSE,73
SP_803140_1948670,-80.314,194.867,26.77,157,0.401273885,0.687898089,-0.038832415,FALSE,74
SP_809570_2454450,-80.957,245.445,9.198,52,0.653846154,0.769230769,-0.040589474,FALSE,75
SP_853600_3177620,-85.36,317.758,42.718,249,0.02811245,0.164658635,-0.042514777,FALSE,76
SP_883220_1475060,-88.322,147.506,50.702,23,0,0.043478261,-0.043801171,FALSE,77
SP_818790_1353780,-81.879,135.378,16.276,96,0.5625,0.739583333,-0.04408517,FALSE,78
SP_839400_0748820,-83.94,74.882,5.062,29,0.551724138,0.862068966,-0.044700485,FALSE,79
SP_847970_3070080,-84.797,307.005,22.835,135,0,0,-0.045258182,FALSE,80
SP_819690_0250940,-81.969,25.095,95.332,327,0.03058104,0.345565749,-0.04751913,FALSE,81
SP_843920_1135430,-84.392,113.543,8.942,54,0.62962963,0.833333333,-0.048217452,FALSE,82
SP_827550_0675820,-82.755,67.582,9.335,57,0.105263158,0.964912281,-0.050194937,FALSE,83
SP_806240_0172810,-80.624,17.281,79.92,269,0.130111524,0.513011152,-0.051061481,FALSE,84
SP_813450_1950160,-81.345,195.016,7.512,44,0.613636364,0.75,-0.052480759,FALSE,85
SP_869800_1078330,-86.98,107.833,68.591,403,0.037220844,0.451612903,-0.052610492,FALSE,86
SP_820880_1687420,-82.088,168.742,47.45,278,0.010791367,0.205035971,-0.053129451,FALSE,87
SP_847550_1500770,-84.754,150.083,73.426,12,0.083333333,0.666666667,-0.054318478,FALSE,88
SP_835090_2977670,-83.509,297.768,17.467,104,0.423076923,0.836538462,-0.055013264,FALSE,89
SP_839380_1322510,-83.938,132.251,5.774,34,0.470588235,0.911764706,-0.055120359,FALSE,90
SP_841820_2710340,-84.182,271.034,62.251,368,0.08423913,0.527173913,-0.05546443,FALSE,91
SP_819070_2456410,-81.907,245.641,7.29,43,0.372093023,0.953488372,-0.057720535,FALSE,92
SP_833060_0855030,-83.306,85.503,36.306,213,0.276995305,0.718309859,-0.060439785,FALSE,93
SP_846740_2192870,-84.674,219.287,28.861,154,0.292207792,0.564935065,-0.060944009,FALSE,94
SP_836320_2801250,-83.631,280.125,43.056,256,0.1953125,0.5625,-0.061149232,FALSE,95
SP_805410_3513540,-80.541,351.354,13.421,9,0.333333333,0.888888889,-0.061200555,FALSE,96
SP_807910_0455060,-80.791,45.507,85.403,179,0.005586592,0.340782123,-0.06176954,FALSE,97
SP_860110_2096940,-86.011,209.694,6.39,38,0.552631579,0.736842105,-0.062079228,FALSE,98
SP_833370_2762390,-83.337,276.239,5.022,31,0.290322581,0.935483871,-0.062737843,FALSE,99
SP_833590_2639010,-83.359,263.901,8.111,45,0.444444444,0.911111111,-0.064192785,FALSE,100
SP_847970_3487750,-84.797,348.775,7.729,1,0,0,-0.064249274,FALSE,101
SP_836660_0840100,-83.666,84.011,45.785,214,0.163551402,0.757009346,-0.064965311,FALSE,102
SP_824430_1935820,-82.443,193.582,5.501,31,0.419354839,0.64516129,-0.065640612,FALSE,103
SP_804340_0358560,-80.434,35.856,6.235,33,0.03030303,0.090909091,-0.066268831,FALSE,104
SP_848000_0437590,-84.8,43.759,6.912,41,0.512195122,0.853658537,-0.067669279,FALSE,105
SP_848000_2061800,-84.8,206.179,20.693,9,0,0,-0.068224649,FALSE,106
SP_846960_1555270,-84.696,155.524,15.264,13,0.153846154,0.384615385,-0.068280192,FALSE,107
SP_860780_3461430,-86.078,346.143,7.578,45,0.177777778,0.955555556,-0.068568738,FALSE,108
SP_832050_0736210,-83.205,73.619,17.554,95,0.157894737,0.884210526,-0.068606378,FALSE,109
SP_838590_2630960,-83.859,263.096,25.358,143,0.307692308,0.615384615,-0.070040406,FALSE,110
SP_804280_1769430,-80.428,176.943,9.029,27,0.185185185,0.407407407,-0.070965771,FALSE,111
SP_890390_3377770,-89.038,337.786,60.426,244,0.024590164,0.442622951,-0.071784299,FALSE,112
SP_825930_2151660,-82.593,215.166,6.682,38,0.447368421,0.868421053,-0.072242345,FALSE,113
SP_867930_0609460,-86.793,60.947,24.347,142,0.225352113,0.492957746,-0.07260927,FALSE,114
SP_812090_0460390,-81.209,46.036,33.419,120,0.008333333,0.133333333,-0.073366419,FALSE,115
SP_846760_0470540,-84.676,47.054,5.526,10,0,0,-0.074253928,FALSE,116
SP_879600_1679640,-87.96,167.964,5.216,30,0.166666667,0.933333333,-0.074331853,FALSE,117
SP_846070_3232410,-84.607,323.236,43.542,87,0,0.08045977,-0.074533153,FALSE,118
SP_828910_2713550,-82.891,271.356,73.786,150,0.04,0.453333333,-0.074819536,FALSE,119
SP_882670_1568690,-88.267,156.869,10.897,39,0,0.871794872,-0.075275757,FALSE,120
SP_846780_3207920,-84.678,320.792,5.512,30,0.033333333,0.166666667,-0.075280073,FALSE,121
SP_813110_2434290,-81.311,243.429,8.583,51,0.509803922,0.784313725,-0.075351391,FALSE,122
SP_820970_2909760,-82.097,290.976,9.187,54,0.518518519,0.796296296,-0.075578726,FALSE,123
SP_889630_1297830,-88.963,129.783,6.001,30,0.033333333,0.9,-0.075917372,FALSE,124
SP_809720_0022940,-80.972,2.294,18.029,12,0,0,-0.076110666,FALSE,125
SP_877030_1108490,-87.703,110.849,5.526,35,0.371428571,0.628571429,-0.07641831,FALSE,126
SP_803930_0373630,-80.393,37.363,21.442,123,0.008130081,0.12195122,-0.076472154,FALSE,127
SP_849040_3196480,-84.904,319.648,19.544,115,0.026086957,0.173913043,-0.076591851,FALSE,128
SP_856880_1382610,-85.688,138.261,6.077,39,0.461538462,0.820512821,-0.076804559,FALSE,129
SP_805100_2821250,-80.51,282.125,8.165,48,0.416666667,0.854166667,-0.07714444,FALSE,130
SP_861810_0724650,-86.181,72.465,22.91,128,0.296875,0.6484375,-0.0771705,FALSE,131
SP_846040_3080410,-84.603,308.044,13.741,80,0,0,-0.077665197,FALSE,132
SP_873660_3292250,-87.366,329.225,33.728,198,0.01010101,0.287878788,-0.078609799,FALSE,133
SP_821070_1910430,-82.107,191.043,7.701,37,0.486486486,0.756756757,-0.07915808,FALSE,134
SP_842540_3177610,-84.254,317.761,9.99,56,0.017857143,0.089285714,-0.079904855,FALSE,135
SP_836180_2779590,-83.618,277.959,7.448,45,0,0.866666667,-0.079953569,FALSE,136
SP_889970_3170870,-88.997,317.091,44.323,54,0,0.166666667,-0.080743491,FALSE,137
SP_832830_2218380,-83.282,221.839,11.452,36,0.305555556,0.888888889,-0.080978806,FALSE,138
SP_823430_2318760,-82.343,231.876,5.126,29,0.137931034,0.862068966,-0.082091777,FALSE,139
SP_802920_0385530,-80.292,38.553,33.451,53,0,0.735849057,-0.082395949,FALSE,140
SP_800780_0456630,-80.077,45.661,37.537,101,0,0.128712871,-0.082509018,FALSE,141
SP_842450_2744930,-84.245,274.493,7.898,50,0.02,0.12,-0.08279568,FALSE,142
SP_846940_1753570,-84.694,175.355,30.611,183,0.142076503,0.666666667,-0.083257619,FALSE,143
SP_865300_2381460,-86.53,238.146,10.361,13,0,0,-0.083365771,FALSE,144
SP_883170_0809830,-88.317,80.983,28.66,154,0.207792208,0.558441558,-0.083732656,FALSE,145
SP_811170_1103320,-81.117,110.332,15.679,85,0.364705882,0.776470588,-0.083988354,FALSE,146
SP_809100_3154980,-80.91,315.498,5.958,32,0.15625,0.90625,-0.084558275,FALSE,147
SP_818620_3499460,-81.862,349.946,27.331,12,0.166666667,0.5,-0.084800493,FALSE,148
SP_842140_3232340,-84.214,323.223,14.342,77,0,0.012987013,-0.085064989,FALSE,149
SP_809330_3447120,-80.933,344.712,6.091,15,0,0,-0.085331924,FALSE,150
SP_846850_3536460,-84.685,353.645,17.356,62,0.14516129,0.822580645,-0.085443467,FALSE,151
SP_846090_2604870,-84.609,260.487,5.612,15,0.2,0.466666667,-0.085732009,FALSE,152
SP_838740_2774750,-83.874,277.475,9.364,57,0.368421053,0.824561404,-0.08620562,FALSE,153
SP_818450_3211710,-81.845,321.171,22.756,132,0.007575758,0.189393939,-0.087131495,FALSE,154
SP_812070_0308360,-81.207,30.836,7.445,18,0,0,-0.087162378,FALSE,155
SP_873890_2512470,-87.389,251.247,46.933,224,0.098214286,0.53125,-0.087550031,FALSE,156
SP_857850_2826560,-85.785,282.656,8.701,4,0,0.75,-0.08765372,FALSE,157
SP_819220_1874810,-81.922,187.481,6.477,31,0.225806452,0.903225806,-0.0884692,FALSE,158
SP_814140_2963110,-81.414,296.311,43.111,175,0.017142857,0.428571429,-0.088743419,FALSE,159
SP_869290_1543540,-86.929,154.354,8.928,26,0.038461538,0.846153846,-0.089252472,FALSE,160
SP_811330_2793740,-81.133,279.374,7.805,46,0.391304348,0.804347826,-0.089567097,FALSE,161
SP_814010_0196980,-81.401,19.698,14.03,66,0.015151515,0.787878788,-0.089667214,FALSE,162
SP_842430_3468180,-84.243,346.818,41.083,239,0,0.527196653,-0.090400695,FALSE,163
SP_816240_3094250,-81.624,309.421,10.415,46,0,0,-0.090429533,FALSE,164
SP_869430_0435040,-86.943,43.504,5.443,6,0,0.166666667,-0.090518641,FALSE,165
SP_834150_2749360,-83.412,274.909,39.431,235,0.034042553,0.489361702,-0.091410321,FALSE,166
SP_820100_2831290,-82.01,283.129,8.016,45,0.4,0.8,-0.09164882,FALSE,167
SP_811730_1243120,-81.173,124.312,9.061,54,0.092592593,0.333333333,-0.092021883,FALSE,168
SP_802230_0561110,-80.223,56.111,16.119,7,0,0.142857143,-0.092040632,FALSE,169
SP_812340_1138520,-81.234,113.852,8.765,49,0.020408163,0.183673469,-0.092060783,FALSE,170
SP_809650_0886110,-80.965,88.611,40.45,219,0.050228311,0.515981735,-0.092139413,FALSE,171
SP_835620_2995530,-83.562,299.553,10.138,62,0,0.806451613,-0.093198437,FALSE,172
SP_838270_2552930,-83.827,255.293,16.553,98,0.255102041,0.653061224,-0.093321497,FALSE,173
SP_858910_0680440,-85.89,68.043,17.276,93,0.311827957,0.741935484,-0.093355111,FALSE,174
SP_843560_1239210,-84.356,123.921,35.881,181,0.027624309,0.591160221,-0.093476695,FALSE,175
SP_892150_0734730,-89.215,73.473,6.71,16,0.0625,0.3125,-0.093742193,FALSE,176
SP_864540_2463730,-86.454,246.373,6.156,22,0.318181818,0.681818182,-0.094419283,FALSE,177
SP_872560_3120600,-87.256,312.056,20.495,78,0.038461538,0.269230769,-0.094698849,FALSE,178
SP_845880_0533560,-84.588,53.356,8.431,3,0,0.666666667,-0.094799845,FALSE,179
SP_871270_0406840,-87.127,40.682,30.654,181,0.110497238,0.524861878,-0.095188598,FALSE,180
SP_818580_2863520,-81.858,286.352,11.045,65,0.307692308,0.646153846,-0.095826073,FALSE,181
SP_802980_2902000,-80.298,290.2,5.069,30,0.3,0.666666667,-0.095965892,FALSE,182
SP_810340_0483070,-81.034,48.306,11.729,56,0,0.017857143,-0.096354062,FALSE,183
SP_885400_1004650,-88.54,100.465,5.31,19,0.263157895,0.631578947,-0.09644652,FALSE,184
SP_812260_3436580,-81.226,343.658,34.433,88,0.102272727,0.636363636,-0.097250006,FALSE,185
SP_816970_3196200,-81.697,319.62,15.415,52,0,0.038461538,-0.097329062,FALSE,186
SP_848170_2531360,-84.817,253.136,8.942,41,0.365853659,0.731707317,-0.097645644,FALSE,187
SP_827640_0162250,-82.764,16.225,6.26,37,0,0.027027027,-0.097784269,FALSE,188
SP_811620_1020450,-81.162,102.045,24.091,139,0.09352518,0.64028777,-0.097839596,FALSE,189
SP_818190_0694460,-81.819,69.446,16.955,53,0.20754717,0.528301887,-0.098111977,FALSE,190
SP_862290_2910480,-86.229,291.048,5.35,33,0.272727273,0.787878788,-0.098332862,FALSE,191
SP_845640_2574190,-84.565,257.425,13.176,78,0.128205128,0.435897436,-0.098430539,FALSE,192
SP_834120_3366970,-83.412,336.697,7.481,26,0,0.038461538,-0.098708167,FALSE,193
SP_873970_2748620,-87.397,274.862,5.774,32,0.0625,0.3125,-0.098911155,FALSE,194
SP_814860_0147990,-81.486,14.799,37.039,192,0.078125,0.526041667,-0.098935226,FALSE,195
SP_822920_2211100,-82.291,221.109,16.646,79,0,0.050632911,-0.099533865,FALSE,196
SP_809420_0826190,-80.942,82.619,17.107,76,0,0.065789474,-0.099904015,FALSE,197
SP_878090_3251650,-87.809,325.161,23.281,132,0.060606061,0.439393939,-0.100222135,FALSE,198
SP_820930_2525100,-82.093,252.51,12.96,75,0.28,0.68,-0.100373847,FALSE,199
SP_824630_2701340,-82.463,270.134,11.143,76,0.302631579,0.763157895,-0.100926611,FALSE,200
SP_806710_1408660,-80.671,140.867,18.803,109,0.009174312,0.220183486,-0.101979719,FALSE,201
SP_815900_2903180,-81.59,290.318,15.235,88,0.011363636,0.272727273,-0.10239798,FALSE,202
SP_836140_3528490,-83.613,352.852,15.3,41,0,0.048780488,-0.103833654,FALSE,203
SP_814210_0535940,-81.421,53.594,9.403,51,0,0.039215686,-0.103945717,FALSE,204
SP_810100_0472230,-81.01,47.223,7.898,48,0,0.041666667,-0.104008466,FALSE,205
SP_813840_3355180,-81.384,335.518,5.225,26,0,0.076923077,-0.104133812,FALSE,206
SP_824450_2271370,-82.445,227.137,20.005,111,0.009009009,0.333333333,-0.1044999,FALSE,207
SP_825890_0285130,-82.588,28.517,11.916,30,0,0.066666667,-0.104517688,FALSE,208
SP_843980_2899650,-84.398,289.965,19.775,28,0,0.178571429,-0.1045335,FALSE,209
SP_822730_2243490,-82.273,224.347,15.422,89,0,0.08988764,-0.104881043,FALSE,210
SP_804940_3070250,-80.494,307.025,17.433,102,0.058823529,0.392156863,-0.105116995,FALSE,211
SP_848780_1995820,-84.878,199.582,6.577,41,0.097560976,0.390243902,-0.105442719,FALSE,212
SP_851970_2671550,-85.197,267.152,20.714,125,0.064,0.432,-0.105453669,FALSE,213
SP_885720_3307300,-88.572,330.73,9.504,52,0.288461538,0.730769231,-0.105466817,FALSE,214
SP_876960_1043870,-87.696,104.387,7.351,45,0.088888889,0.377777778,-0.105506921,FALSE,215
SP_825510_3282650,-82.551,328.265,7.963,45,0.311111111,0.688888889,-0.105716995,FALSE,216
SP_876600_2623440,-87.66,262.339,13.99,68,0.044117647,0.352941176,-0.10619211,FALSE,217
SP_841710_1745910,-84.171,174.591,5.836,36,0.25,0.694444444,-0.106311231,FALSE,218
SP_838890_3143320,-83.889,314.332,17.708,101,0.148514851,0.613861386,-0.10675806,FALSE,219
SP_849230_2362280,-84.923,236.228,10.382,60,0.233333333,0.583333333,-0.107051944,FALSE,220
SP_885280_1846930,-88.528,184.689,11.624,67,0.014925373,0.313432836,-0.107147454,FALSE,221
SP_886050_2261990,-88.605,226.199,6.34,37,0,0.054054054,-0.107217815,FALSE,222
SP_847630_0851660,-84.763,85.166,5.108,29,0.034482759,0.344827586,-0.107493729,FALSE,223
SP_838860_2839350,-83.886,283.934,10.062,60,0.183333333,0.516666667,-0.107706294,FALSE,224
SP_869020_0278760,-86.902,27.874,11.495,69,0,0.072463768,-0.107795867,FALSE,225
SP_878530_3185060,-87.853,318.505,11.257,63,0.222222222,0.555555556,-0.107817229,FALSE,226
SP_836770_1968510,-83.677,196.851,5.134,31,0,0.096774194,-0.108124597,FALSE,227
SP_843890_1402790,-84.389,140.279,9.882,53,0.226415094,0.773584906,-0.108267542,FALSE,228
SP_845570_2543880,-84.557,254.388,9.979,59,0,0.06779661,-0.108646891,FALSE,229
SP_867600_2959220,-86.76,295.922,5.71,33,0.060606061,0.363636364,-0.108765224,FALSE,230
SP_852830_2061020,-85.282,206.103,16.009,42,0.047619048,0.738095238,-0.108914964,FALSE,231
SP_828030_1905080,-82.803,190.508,6.959,40,0.275,0.725,-0.109225711,FALSE,232
SP_893260_0196510,-89.326,19.651,7.823,44,0.022727273,0.75,-0.109480974,FALSE,233
SP_831940_0871580,-83.194,87.158,5.299,30,0.233333333,0.666666667,-0.109579976,FALSE,234
SP_813790_1708250,-81.379,170.825,8.222,42,0,0.071428571,-0.109891171,FALSE,235
SP_841060_3423520,-84.106,342.352,19.192,112,0,0.205357143,-0.110434733,FALSE,236
SP_855490_2096710,-85.549,209.672,13.979,81,0,0.172839506,-0.110465463,FALSE,237
SP_816780_2566500,-81.678,256.65,8.739,19,0.052631579,0.736842105,-0.110864255,FALSE,238
SP_843700_3057300,-84.37,305.734,11.599,68,0.044117647,0.367647059,-0.11096302,FALSE,239
SP_892100_3421950,-89.21,342.195,5.717,32,0.21875,0.75,-0.11111657,FALSE,240
SP_802040_3230700,-80.204,323.07,5.386,23,0,0.130434783,-0.111166909,FALSE,241
SP_859560_3063890,-85.956,306.389,12.791,79,0.012658228,0.329113924,-0.111289616,FALSE,242
SP_862670_2349900,-86.267,234.99,16.027,95,0.031578947,0.336842105,-0.111468104,FALSE,243
SP_837200_2975300,-83.72,297.531,10.094,57,0,0.719298246,-0.112048316,FALSE,244
SP_840090_2612130,-84.009,261.213,5.573,33,0.181818182,0.575757576,-0.112190836,FALSE,245
SP_818960_3003250,-81.896,300.325,6.109,32,0.125,0.75,-0.112341203,FALSE,246
SP_823970_0589970,-82.397,58.997,7.373,44,0.090909091,0.409090909,-0.112347962,FALSE,247
SP_831800_2218340,-83.18,221.834,5.976,7,0,0.428571429,-0.11266667,FALSE,248
SP_810930_3197620,-81.093,319.762,6.732,26,0,0.115384615,-0.112860234,FALSE,249
SP_836970_1935950,-83.697,193.595,7.805,46,0,0.086956522,-0.113014498,FALSE,250
SP_839950_3514880,-83.995,351.488,13.273,78,0.192307692,0.551282051,-0.113163757,FALSE,251
SP_812340_0890490,-81.234,89.049,24.912,102,0.039215686,0.529411765,-0.113402908,FALSE,252
SP_829960_3218060,-82.996,321.806,5.234,30,0.133333333,0.633333333,-0.113410455,FALSE,253
SP_814960_0183290,-81.496,18.329,5.299,29,0,0.275862069,-0.113646226,FALSE,254
SP_847880_3354420,-84.788,335.442,6.844,32,0.21875,0.75,-0.113729624,FALSE,255
SP_838780_3211110,-83.878,321.11,11.808,71,0.154929577,0.718309859,-0.114052712,FALSE,256
SP_831370_3119250,-83.136,311.923,12.438,75,0.066666667,0.426666667,-0.114067068,FALSE,257
SP_806510_0507610,-80.65,50.761,15.109,87,0,0.275862069,-0.114093992,FALSE,258
SP_869250_0482770,-86.925,48.276,10.919,37,0.081081081,0.72972973,-0.114360689,FALSE,259
SP_878330_1263810,-87.832,126.38,11.099,66,0,0.090909091,-0.114675061,FALSE,260
SP_820070_0167090,-82.007,16.709,12.994,53,0,0.698113208,-0.114769539,FALSE,261
SP_830450_2084240,-83.045,208.424,6.772,39,0,0.179487179,-0.11586084,FALSE,262
SP_807960_1146420,-80.796,114.642,11.745,62,0,0.129032258,-0.11587704,FALSE,263
SP_818520_3197490,-81.852,319.749,5.926,23,0,0.652173913,-0.115952862,FALSE,264
SP_889730_0648850,-88.973,64.885,5.814,34,0.117647059,0.647058824,-0.115970487,FALSE,265
SP_847720_1650130,-84.772,165.013,11.596,26,0.038461538,0.653846154,-0.11616428,FALSE,266
SP_853430_1441490,-85.343,144.149,9.076,53,0.150943396,0.566037736,-0.116193858,FALSE,267
SP_835040_2720960,-83.504,272.097,14.886,81,0.086419753,0.654320988,-0.116196154,FALSE,268
SP_876470_0668600,-87.647,66.86,5.9,36,0.166666667,0.583333333,-0.116488944,FALSE,269
SP_831760_2041370,-83.176,204.137,5.137,23,0.086956522,0.652173913,-0.116495512,FALSE,270
SP_812380_0532000,-81.238,53.2,6.354,37,0,0.189189189,-0.116744553,FALSE,271
SP_811530_3275110,-81.153,327.511,6.073,32,0,0.25,-0.116824839,FALSE,272
SP_841480_2552970,-84.148,255.297,7.844,45,0.177777778,0.555555556,-0.117039166,FALSE,273
SP_830590_0483090,-83.059,48.309,6.106,38,0.105263158,0.473684211,-0.11739061,FALSE,274
SP_814340_3246240,-81.434,324.624,19.386,109,0.027522936,0.532110092,-0.117455723,FALSE,275
SP_889130_1507620,-88.913,150.762,15.563,48,0,0.625,-0.117561671,FALSE,276
SP_833350_3004430,-83.335,300.443,9.626,57,0,0.263157895,-0.117746267,FALSE,277
SP_837240_2836250,-83.723,283.625,11.088,68,0.176470588,0.661764706,-0.117784418,FALSE,278
SP_845100_3325830,-84.51,332.583,6.192,6,0,0.5,-0.117978331,FALSE,279
SP_847790_3176240,-84.779,317.624,9.659,55,0,0.127272727,-0.118013662,FALSE,280
SP_815660_2829890,-81.566,282.989,7.121,41,0.195121951,0.731707317,-0.118230626,FALSE,281
SP_833910_3116550,-83.391,311.655,7.913,45,0.022222222,0.644444444,-0.118370963,FALSE,282
SP_856470_2627260,-85.647,262.726,6.689,41,0,0.195121951,-0.118589017,FALSE,283
SP_804590_3088780,-80.454,308.857,13.928,79,0.126582278,0.582278481,-0.118612067,FALSE,284
SP_844930_2526440,-84.493,252.644,6.743,39,0,0.692307692,-0.118711265,FALSE,285
SP_858680_3094240,-85.868,309.424,8.057,46,0.130434783,0.565217391,-0.119152645,FALSE,286
SP_869770_0325310,-86.977,32.531,8.748,53,0.018867925,0.547169811,-0.119274487,FALSE,287
SP_842170_3497860,-84.217,349.786,5.987,31,0,0.225806452,-0.119323338,FALSE,288
SP_856730_2119650,-85.673,211.965,12.078,63,0,0.19047619,-0.119344749,FALSE,289
SP_822410_0595740,-82.241,59.574,12.427,70,0.114285714,0.514285714,-0.11945874,FALSE,290
SP_851120_3049850,-85.112,304.985,8.654,50,0.02,0.46,-0.119680513,FALSE,291
SP_845460_0695020,-84.546,69.502,6.484,38,0.078947368,0.657894737,-0.119708199,FALSE,292
SP_812330_0660150,-81.233,66.015,17.099,93,0.064516129,0.537634409,-0.119984401,FALSE,293
SP_818940_2907730,-81.894,290.773,8.821,51,0.117647059,0.588235294,-0.120441326,FALSE,294
SP_836140_2415060,-83.614,241.506,6.714,39,0.128205128,0.666666667,-0.120509094,FALSE,295
SP_840930_3138320,-84.093,313.832,9.623,58,0,0.310344828,-0.120844683,FALSE,296
SP_852110_2384420,-85.211,238.442,11.023,59,0.101694915,0.491525424,-0.120929898,FALSE,297
SP_837240_0195180,-83.724,19.518,17.662,106,0,0.518867925,-0.12096635,FALSE,298
SP_870200_0151380,-87.02,15.138,7.556,44,0,0.227272727,-0.121193581,FALSE,299
SP_867870_0536640,-86.787,53.664,11.444,63,0.126984127,0.555555556,-0.121315848,FALSE,300
SP_875750_3329770,-87.575,332.977,11.268,65,0.092307692,0.646153846,-0.121536182,FALSE,301
SP_828090_3217290,-82.809,321.729,6.854,41,0,0.292682927,-0.122127218,FALSE,302
SP_868670_2973140,-86.867,297.314,14.249,82,0.06097561,0.524390244,-0.122471353,FALSE,303
SP_864480_2507240,-86.448,250.724,6.034,34,0.029411765,0.588235294,-0.122556281,FALSE,304
SP_807890_1344870,-80.789,134.487,5.238,30,0.033333333,0.566666667,-0.122889545,FALSE,305
SP_840570_2974330,-84.057,297.433,8.37,50,0.1,0.52,-0.123024811,FALSE,306
SP_804650_0491050,-80.465,49.105,17.993,92,0,0.52173913,-0.123505963,FALSE,307
SP_840340_2688620,-84.034,268.862,9.605,55,0.036363636,0.618181818,-0.123653785,FALSE,308
SP_809640_3141160,-80.964,314.116,11.815,66,0,0.439393939,-0.123932901,FALSE,309
SP_877630_0142920,-87.763,14.292,5.339,34,0,0.382352941,-0.124202606,FALSE,310
SP_814860_0681830,-81.486,68.183,11.279,67,0,0.373134328,-0.124355595,FALSE,311
SP_866190_0680240,-86.619,68.024,8.417,17,0,0.411764706,-0.124393621,FALSE,312
SP_820540_0583270,-82.054,58.327,12.11,20,0,0.45,-0.124641678,FALSE,313
SP_836610_3027240,-83.661,302.724,5.137,28,0,0.428571429,-0.124702241,FALSE,314
SP_859960_3189560,-85.996,318.956,5.566,34,0,0.382352941,-0.124805065,FALSE,315
SP_809240_3091310,-80.924,309.131,5.051,25,0,0.48,-0.12515647,FALSE,316
SP_858720_3388420,-85.872,338.842,5.756,32,0.0625,0.5,-0.125170675,FALSE,317
SP_826030_1728380,-82.603,172.838,7.909,48,0.083333333,0.625,-0.125429139,FALSE,318
SP_840800_1772640,-84.08,177.264,9,55,0,0.581818182,-0.126312576,FALSE,319
SP_827270_2065240,-82.727,206.524,8.737,47,0.085106383,0.574468085,-0.12639441,FALSE,320
SP_841180_2482770,-84.118,248.277,6.106,14,0,0.5,-0.126450065,FALSE,321
SP_847930_2862170,-84.793,286.217,5.674,30,0,0.433333333,-0.12676627,FALSE,322
SP_843040_1277030,-84.304,127.703,6.898,41,0,0.341463415,-0.127148047,FALSE,323
SP_810980_1423640,-81.098,142.364,8.053,45,0.088888889,0.622222222,-0.127176081,FALSE,324
SP_835340_3009100,-83.534,300.91,5.897,30,0.033333333,0.533333333,-0.127298783,FALSE,325
SP_886860_3145140,-88.686,314.514,7.25,41,0,0.390243902,-0.127508982,FALSE,326
SP_840060_2508150,-84.006,250.815,7.83,31,0,0.419354839,-0.127990843,FALSE,327
SP_810100_3511850,-81.01,351.185,9.648,54,0,0.555555556,-0.128113831,FALSE,328
SP_836400_2007930,-83.64,200.793,7.592,45,0.088888889,0.511111111,-0.128235921,FALSE,329
SP_875190_1358460,-87.519,135.846,5.432,19,0,0.526315789,-0.128391168,FALSE,330
SP_839010_2787150,-83.901,278.715,5.27,33,0,0.515151515,-0.129741266,FALSE,331
SP_827050_2262610,-82.705,226.261,5.735,32,0,0.53125,-0.130610342,FALSE,332
SP_881610_3059360,-88.161,305.936,8.19,30,0,0.466666667,-0.130754007,FALSE,333
SP_805640_3296770,-80.564,329.677,5.933,36,0,0.527777778,-0.131187516,FALSE,334
SP_820270_2146540,-82.027,214.654,7.132,42,0,0.452380952,-0.132356238,FALSE,335
SP_818570_2309500,-81.857,230.95,7.708,44,0,0.522727273,-0.135066358,FALSE,336
