PSR_ID,lat,lon,area_km2,n_overview_px,mean_slope_deg,mean_roughness_rms_m,mean_illumination_fraction,mean_hazard_score
SP_885280_1846930,-88.528,184.689,11.624,73,2.736927906641461,32.77048367364718,0.0,0.38817640563827427
SP_889130_1507620,-88.913,150.762,15.563,96,4.043886071527215,41.62257070195486,0.0,0.4087232084014605
SP_869250_0482770,-86.925,48.276,10.919,67,4.715179061262959,49.032957371465145,0.0,0.42180439284578336
SP_878330_1263810,-87.832,126.38,11.099,67,4.7103478317892815,50.602391532316474,0.0,0.42314263662786633
SP_889970_3170870,-88.997,317.091,44.323,266,5.003127362523946,50.466085750181755,0.0,0.42587476608137464
SP_889630_1297830,-88.963,129.783,6.001,37,4.807907308350909,52.638804694389265,0.0,0.42589063010960815
SP_886050_2261990,-88.605,226.199,6.34,39,5.38158917135305,51.00508695446684,0.0,0.4300377486613451
SP_869430_0435040,-86.943,43.504,5.443,32,5.191582436103133,54.781193109259625,0.0,0.43151968662123463
SP_881000_1147820,-88.1,114.79,183.312,1121,5.281356231196037,53.83607615139462,0.0,0.43156008140693813
SP_887280_1688800,-88.728,168.88,88.607,537,5.138483844343636,55.558184467782866,0.0,0.4316882033809041
SP_864540_2463730,-86.454,246.373,6.156,35,5.199232946139957,55.85124839091613,0.0,0.43253874224607014
SP_873970_2748620,-87.397,274.862,5.774,38,5.435800185101845,53.35402966816054,0.0,0.4326392783620654
SP_869800_1078330,-86.98,107.833,68.591,417,5.425823573844752,56.17865110895935,0.0,0.43503532490801566
SP_869020_0278760,-86.902,27.874,11.495,69,5.720456977071127,54.4845387184572,0.0,0.4364104667174486
SP_872560_3120600,-87.256,312.056,20.495,128,5.514126685018411,57.2367297970345,0.0,0.4368295778897415
SP_867440_0218610,-86.744,21.858,237.51,1443,5.82016608665307,57.567824637989425,0.0,0.440103459966997
SP_865300_2381460,-86.53,238.146,10.361,61,5.982735079026945,59.57552612857101,0.0,0.44345947416092685
SP_857850_2826560,-85.785,282.656,8.701,55,6.320752861957286,63.55292197643955,0.0,0.45026343748071274
SP_864480_2507240,-86.448,250.724,6.034,37,6.378933575002111,64.67512928925302,0.0,0.45182082415868474
SP_882490_2164550,-88.249,216.455,548.953,3331,6.340092932755511,65.31026107793751,0.0,0.4520030339068811
SP_883220_1475060,-88.322,147.506,50.702,307,6.498793625966366,67.13599492067927,0.0,0.4551607409419334
SP_886860_3145140,-88.686,314.514,7.25,43,6.721647692167166,71.07757334067115,0.0,0.4608110907212859
SP_856540_0457150,-85.654,45.715,6.228,36,7.261618834040566,67.35232845915283,0.0,0.46278362277253976
SP_869290_1543540,-86.929,154.354,8.928,55,6.939455254668171,71.96724936535932,0.0,0.4637184122112497
SP_850590_3238160,-85.059,323.808,46.526,279,7.204561892688835,71.04180744572571,0.0,0.4654843777882119
SP_866190_0680240,-86.619,68.024,8.417,52,7.28778362152592,70.93390566302868,0.0,0.46619993369602286
SP_856730_2119650,-85.673,211.965,12.078,73,7.17411362087725,73.05352745214321,0.0,0.46696344221628877
SP_890390_3377770,-89.038,337.786,60.426,364,7.370658637508989,74.67226564888837,0.0,0.4703071411821916
SP_860780_3461430,-86.078,346.143,7.578,45,7.336196998708978,75.40251929980495,0.0,0.47061597640540903
SP_846090_2604870,-84.609,260.487,5.612,36,7.239356818160726,76.6887861137921,0.0,0.4708078635450984
SP_834120_3366970,-83.412,336.697,7.481,47,7.627855658365754,75.85486682048987,0.0,0.47385677982248336
SP_879600_1679640,-87.96,167.964,5.216,31,7.793633251171113,76.80233918230161,0.0,0.4763082081232947
SP_843040_1277030,-84.304,127.703,6.898,43,7.782997749802541,77.5630038306257,0.0,0.4768760159850055
SP_876600_2623440,-87.66,262.339,13.99,86,7.76688638119731,80.56280355486491,0.0,0.47936692070100406
SP_851120_3049850,-85.112,304.985,8.654,53,8.009645448359196,78.43038696216773,0.0,0.47984978614243745
SP_849040_3196480,-84.904,319.648,19.544,115,8.047072158305275,79.05158274973829,0.0,0.4807627398301771
SP_867600_2959220,-86.76,295.922,5.71,34,7.770310001436373,82.66891749196706,0.0,0.48125930653349397
SP_847550_1500770,-84.754,150.083,73.426,448,7.9294328152582425,80.93174123221058,0.0,0.4812762063295595
SP_847720_1650130,-84.772,165.013,11.596,74,8.175506616277204,80.36230483738778,0.0,0.48317098190149016
SP_880260_0452790,-88.026,45.279,1075.518,6541,8.042193294640061,82.04898916292483,0.0,0.4833609662122974
SP_848000_2061800,-84.8,206.179,20.693,129,8.086607576139196,83.79844501094449,0.0,0.48533789311958303
SP_874430_1188390,-87.443,118.839,61.506,374,8.078222709167019,85.21640512999336,0.0,0.48650781156115286
SP_851970_2671550,-85.197,267.152,20.714,133,8.174322092554661,84.27599677482729,0.0,0.486613990450701
SP_846940_1753570,-84.694,175.355,30.611,189,8.275019524913386,83.5132685533357,0.0,0.4869218016700599
SP_836770_1968510,-83.677,196.851,5.134,28,8.652635824767225,82.57105653274675,0.0,0.489769105185904
SP_845570_2543880,-84.557,254.388,9.979,55,8.452996377891877,84.99726330617446,0.0,0.4899656620532245
SP_885720_3307300,-88.572,330.73,9.504,60,8.654364971405764,83.51291258118796,0.0,0.49061731185537205
SP_855490_2096710,-85.549,209.672,13.979,84,8.485955060282619,86.13114535858492,0.0,0.4912876247741091
SP_839010_2787150,-83.901,278.715,5.27,31,8.390384150846101,88.86546476445851,0.0,0.49277004921439177
SP_831940_0871580,-83.194,87.158,5.299,32,8.432404070741912,90.10744104347776,0.0,0.4942757051939851
SP_845510_0602900,-84.552,60.281,183.107,1113,8.660567984996929,87.63620741733494,0.0,0.49431730738109203
SP_874930_3578760,-87.493,357.877,1017.976,6206,8.787557691948008,89.47148488109994,0.0,0.4971744898282078
SP_836660_0840100,-83.666,84.011,45.785,280,8.94519653398367,89.887489323464,0.0,0.4990775076051455
SP_843560_1239210,-84.356,123.921,35.881,220,8.961762722542918,90.53725241559395,0.0,0.4998124407087682
SP_836970_1935950,-83.697,193.595,7.805,47,9.072206065462773,91.46139838750102,0.0,0.5017041777795073
SP_847790_3176240,-84.779,317.624,9.659,58,9.309333155510382,89.87515290408112,0.0,0.5026142688172958
SP_852830_2061020,-85.282,206.103,16.009,94,9.096325791902505,93.59071732754144,0.0,0.5038186808891889
SP_835620_2995530,-83.562,299.553,10.138,65,9.35116720711739,92.14918550637577,0.0,0.5050290924138126
SP_893260_0196510,-89.326,19.651,7.823,47,9.703623096555123,89.23484118392508,0.0,0.5058904997723169
SP_845100_3325830,-84.51,332.583,6.192,42,9.317621588324442,93.55173507694542,0.0,0.5059402761951203
SP_843960_2077750,-84.396,207.775,72.346,438,9.214079573149872,96.4003376200277,0.0,0.5074459168285171
SP_835240_0910150,-83.524,91.015,439.222,2664,9.311631322431678,95.46068080383776,0.0,0.5075669089601157
SP_833350_3004430,-83.335,300.443,9.626,60,9.399706853360465,95.76361126649991,0.0,0.5086923882882264
SP_814210_0535940,-81.421,53.594,9.403,54,9.594689207968429,93.76031847082683,0.0,0.5088237580031705
SP_833590_2639010,-83.359,263.901,8.111,51,9.560437510003208,95.58622507074156,0.0,0.5101017527210584
SP_828030_1905080,-82.803,190.508,6.959,43,9.568984960234092,95.70236428500903,0.0,0.5102875415106567
SP_830760_0866010,-83.076,86.604,29.081,174,9.357973726223625,99.05587306378885,0.0,0.5111918208207007
SP_852110_2384420,-85.211,238.442,11.023,67,9.490483864704405,98.67696205449793,0.0,0.5121483605268382
SP_873660_3292250,-87.366,329.225,33.728,205,9.749052098110846,96.3398719995607,0.0,0.5126045871474915
SP_833370_2762390,-83.337,276.239,5.022,31,9.763620796741304,97.15835261054146,0.0,0.5134689835030036
SP_836140_3528490,-83.613,352.852,15.3,91,9.740141010041068,98.18533677130621,0.0,0.5141467298534861
SP_834150_2749360,-83.412,274.909,39.431,244,9.809391036075143,98.07388560725146,0.0,0.5147230315760186
SP_835340_3009100,-83.534,300.91,5.897,36,9.877076080982967,97.39607311324067,0.0,0.5147841687992372
SP_844580_3134320,-84.458,313.432,315.029,1917,9.810817339253243,99.21276252898951,0.0,0.5157421947069978
SP_859960_3189560,-85.996,318.956,5.566,34,10.152208406446473,96.24188626976614,0.0,0.5164459017623769
SP_868670_2973140,-86.867,297.314,14.249,90,9.87951514626636,99.27511625913115,0.0,0.5164665309682064
SP_830450_2084240,-83.045,208.424,6.772,41,9.939572232185556,100.30625895368287,0.0,0.5179618172821283
SP_842450_2744930,-84.245,274.493,7.898,47,9.916346502662472,100.6012964604534,0.0,0.5179959620270623
SP_853570_0498630,-85.357,49.866,139.594,847,10.000038048668161,101.35835337952594,0.0,0.5194795794437729
SP_837240_0195180,-83.724,19.518,17.662,106,9.842721030668779,103.12758333851806,0.0,0.5195085661101658
SP_871460_0840750,-87.146,84.075,663.959,4039,9.936049614996229,102.490901757465,0.0,0.5198558445430184
SP_843700_3057300,-84.37,305.734,11.599,71,10.159377478106826,103.07742123590018,0.0,0.522549357211329
SP_846780_3207920,-84.678,320.792,5.512,33,10.39181007271175,100.84281886343824,0.0,0.5228414179551499
SP_836180_2779590,-83.618,277.959,7.448,42,10.279144877083823,102.33722695424851,0.0,0.523062850486814
SP_829960_3218060,-82.996,321.806,5.234,33,9.972707445153308,106.16396496725223,0.0,0.5234551384886519
SP_827550_0675820,-82.755,67.582,9.335,54,10.137127534048485,104.40523084631883,0.0,0.5235046189493217
SP_845880_0533560,-84.588,53.356,8.431,51,10.215045005665614,103.64959632068711,0.0,0.5235967547995495
SP_837400_1630860,-83.739,163.086,194.861,1183,10.201975615882267,103.97620158804347,0.0,0.5237577133824254
SP_832950_1495450,-83.295,149.545,114.754,693,10.24443787721053,103.78260156524993,0.0,0.5240005202863287
SP_816240_3094250,-81.624,309.421,10.415,64,9.99218301064223,106.56991792094584,0.0,0.524003209552111
SP_813790_1708250,-81.379,170.825,8.222,49,10.22672524636119,104.34764788180081,0.0,0.5243267092999244
SP_847970_3070080,-84.797,307.005,22.835,146,10.36618782787519,103.61769327370152,0.0,0.5250411239437449
SP_827640_0162250,-82.764,16.225,6.26,40,10.371638811081777,104.83198920167145,0.0,0.5261660691318634
SP_845640_2574190,-84.565,257.425,13.176,79,10.407341040478357,104.52501250831025,0.0,0.5262429398611315
SP_841820_2710340,-84.182,271.034,62.251,380,10.467813104592022,104.12757269570531,0.0,0.5264812838122296
SP_836610_3027240,-83.661,302.724,5.137,26,10.906647432644885,100.73491610550053,0.0,0.5277620467516128
SP_830550_0674490,-83.055,67.443,130.658,793,10.380797309874618,106.56243555310493,0.0,0.5277827324431483
SP_892150_0734730,-89.215,73.473,6.71,42,10.765626610693747,102.36391947266468,0.0,0.5278260257012485
SP_856470_2627260,-85.647,262.726,6.689,39,10.556584703436771,104.68016768351906,0.0,0.5278339192822978
SP_822920_2211100,-82.291,221.109,16.646,102,10.520162867087874,105.263895482179,0.0,0.5279943211518238
SP_848000_0437590,-84.8,43.759,6.912,43,10.779822996547816,102.93386866927474,0.0,0.528467420320609
SP_854150_3078410,-85.415,307.84,127.418,780,10.479926994880978,107.33948053951966,0.0,0.5294344011453715
SP_889730_0648850,-88.973,64.885,5.814,37,11.36730476825795,97.74420309482468,0.0,0.5296102120208047
SP_832600_0820620,-83.259,82.073,139.115,848,10.525532731798192,107.60574006984272,0.0,0.5301137439479305
SP_841060_3423520,-84.106,342.352,19.192,113,10.600753287056232,107.20606988118888,0.0,0.5304938083569372
SP_847630_0851660,-84.763,85.166,5.108,29,10.531980378813254,107.98980251753204,0.0,0.5305155663757636
SP_820880_1687420,-82.088,168.742,47.45,290,10.573055555504801,108.13982016915206,0.0,0.5310481648635575
SP_819220_1874810,-81.922,187.481,6.477,42,10.725672701662932,107.0020049728569,0.0,0.5315307280702348
SP_802040_3230700,-80.204,323.07,5.386,31,10.653750359747653,109.83267094250871,0.0,0.5333285953467586
SP_841180_2482770,-84.118,248.277,6.106,38,11.12990874437769,105.54319286447443,0.0,0.534181383975232
SP_824820_3550120,-82.482,355.004,124.33,757,10.76033774014566,109.99044176352199,0.0,0.5345062989429817
SP_819690_0250940,-81.969,25.095,95.332,583,10.80789079211876,110.1104562801474,0.0,0.5350755257540768
SP_818190_0694460,-81.819,69.446,16.955,104,10.708377634497124,111.5556820693337,0.0,0.5353816814210849
SP_810930_3197620,-81.093,319.762,6.732,41,10.734410990267138,111.35817726154774,0.0,0.5354609808003225
SP_876960_1043870,-87.696,104.387,7.351,42,11.305984277153426,105.85665234475898,0.0,0.5361735090249425
SP_847880_3354420,-84.788,335.442,6.844,41,10.85280781018451,110.89288554455831,0.0,0.5362037728154684
SP_809330_3447120,-80.933,344.712,6.091,39,11.105439910688569,109.61028064033447,0.0,0.5375329418635073
SP_846070_3232410,-84.607,323.236,43.542,260,10.945478803599368,112.08362721291834,0.0,0.5381576798251546
SP_840340_2688620,-84.034,268.862,9.605,60,11.18016344350798,112.01369476307558,0.0,0.5403823985408185
SP_837670_3387710,-83.767,338.772,143.024,866,11.057169573449379,113.78505859282386,0.0,0.5407476666564073
SP_812340_0890490,-81.234,89.049,24.912,153,11.214278751007646,112.08159829687165,0.0,0.5407747088329823
SP_815900_2903180,-81.59,290.318,15.235,95,11.038241177925123,114.35024645631931,0.0,0.5410621358590458
SP_816970_3196200,-81.697,319.62,15.415,95,11.216597423927135,112.82360991685837,0.0,0.5414522597833078
SP_833060_0855030,-83.306,85.503,36.306,218,11.165306655559217,114.09850030656955,0.0,0.542077876465835
SP_822730_2243490,-82.273,224.347,15.422,96,11.207133434421488,113.74894147309571,0.0,0.5421768299211221
SP_840930_3138320,-84.093,313.832,9.623,58,11.388309788480754,112.07471775740724,0.0,0.5424641564540498
SP_850230_1826070,-85.023,182.607,371.657,2266,11.146045459823974,114.90385555305343,0.0,0.5426010949583965
SP_810100_0472230,-81.01,47.223,7.898,49,11.436970197451018,112.74453115361355,0.0,0.5435294699077383
SP_806510_0507610,-80.65,50.761,15.109,90,11.380990239030957,113.40543367991592,0.0,0.5435674449358506
SP_885400_1004650,-88.54,100.465,5.31,33,11.977673321649046,107.25064943269199,0.0,0.5439479879091794
SP_831370_3119250,-83.136,311.923,12.438,72,11.304422023865065,115.61772539428254,0.0,0.544774220784683
SP_842170_3497860,-84.217,349.786,5.987,36,11.601301548094959,112.48959664760781,0.0,0.5449054640225589
SP_823950_3576610,-82.393,357.661,61.238,369,11.304669328916058,116.43449737035778,0.0,0.545497580840569
SP_881610_3059360,-88.161,305.936,8.19,50,11.599780496063861,113.86011432904405,0.0,0.546100377482706
SP_804340_0358560,-80.434,35.856,6.235,35,11.511070088853593,115.17560557713131,0.0,0.5463972659484562
SP_813840_3355180,-81.384,335.518,5.225,30,11.437059864211019,116.77608460236603,0.0,0.5470889267704095
SP_831800_2218340,-83.18,221.834,5.976,34,11.675866066050437,115.31707722165733,0.0,0.5481276876792084
SP_846760_0470540,-84.676,47.054,5.526,37,11.6063231649184,116.23935112489849,0.0,0.548264231944648
SP_803930_0373630,-80.393,37.363,21.442,133,11.572681467622328,116.75042166137638,0.0,0.5483875863729006
SP_842430_3468180,-84.243,346.818,41.083,254,11.361229129525855,119.36754637750836,0.0,0.5486375745499087
SP_820070_0167090,-82.007,16.709,12.994,80,11.404067001386,119.36873323751979,0.0,0.5490559759400455
SP_878090_3251650,-87.809,325.161,23.281,142,11.746468863362155,118.18933624084438,0.0,0.5513508389034768
SP_839400_0748820,-83.94,74.882,5.062,29,12.314936922643724,112.4062617211062,0.0,0.5517845950087454
SP_812340_1138520,-81.234,113.852,8.765,52,11.799224019673733,118.69733288419168,0.0,0.5523132131078043
SP_812090_0460390,-81.209,46.036,33.419,201,11.858003612621419,118.47117920680375,0.0,0.5526862592711363
SP_840800_1772640,-84.08,177.264,9.0,53,11.979671982318845,117.3689752811696,0.0,0.552898733290553
SP_846850_3536460,-84.685,353.645,17.356,105,11.670919613933494,121.37840327056834,0.0,0.5534297250277856
SP_845770_0017070,-84.577,1.709,103.846,630,11.624882166246318,122.16298766548543,0.0,0.5536737381833822
SP_859560_3063890,-85.956,306.389,12.791,75,12.047086466950214,117.8124110558669,0.0,0.5539469412121969
SP_862670_2349900,-86.267,234.99,16.027,99,12.103761480939834,117.95848734392841,0.0,0.5546280442537097
SP_825890_0285130,-82.588,28.517,11.916,69,11.888618511556267,121.28298985690529,0.0,0.5554664662375352
SP_818520_3197490,-81.852,319.749,5.926,36,12.2931612215221,117.12126096013655,0.0,0.5557342914722886
SP_810340_0483070,-81.034,48.306,11.729,70,12.020194391494549,120.55076117320378,0.0,0.5561020363353412
SP_847970_3487750,-84.797,348.775,7.729,46,12.047734655107176,121.24416991224425,0.0,0.5569824111176378
SP_809720_0022940,-80.972,2.294,18.029,110,12.095779136861534,122.63519413945463,0.0,0.5586783242816818
SP_818570_2309500,-81.857,230.95,7.708,48,12.204482719020026,121.89366884039147,0.0,0.5590828519568852
SP_811530_3275110,-81.153,327.511,6.073,37,11.95742406606134,124.67284628047209,0.0,0.5591289819559978
SP_824700_2291520,-82.47,229.151,15.804,101,12.023173417231854,124.8378675004175,0.0,0.5599152153239727
SP_818620_3499460,-81.862,349.946,27.331,167,12.101737346501235,125.63748251306123,0.0,0.5613864415413468
SP_842140_3232340,-84.214,323.223,14.342,89,12.13985636736912,125.9417274705336,0.0,0.5620263730855274
SP_842540_3177610,-84.254,317.761,9.99,60,12.306838561906908,124.41906773936223,0.0,0.562309194033409
SP_853600_3177620,-85.36,317.758,42.718,258,12.264721520208518,124.9177923256247,0.0,0.5623390787117274
SP_892100_3421950,-89.21,342.195,5.717,36,12.751042259749095,119.5682353581109,0.0,0.5623551619556515
SP_840090_2612130,-84.009,261.213,5.573,33,12.797634701679657,120.85161916163065,0.0,0.563941916064157
SP_814140_2963110,-81.414,296.311,43.111,260,12.382674921935347,125.63449530116192,0.0,0.5641208771629334
SP_811730_1243120,-81.173,124.312,9.061,54,12.35994656305213,126.10129765162573,0.0,0.5643114814982989
SP_816910_3053810,-81.69,305.38,377.809,2303,12.301880143329603,127.13478676772799,0.0,0.5646580047045202
SP_832050_0736210,-83.205,73.619,17.554,105,12.233481342466563,128.21339382653923,0.0,0.5649436881242471
SP_807890_1344870,-80.789,134.487,5.238,35,12.833110340748066,122.14002655050012,0.0,0.5654247974478396
SP_858680_3094240,-85.868,309.424,8.057,50,12.68405188307399,124.26566800094155,0.0,0.565848842584162
SP_814050_0021200,-81.405,2.12,115.099,705,12.442005154826873,127.23238801506896,0.0,0.5661093425609736
SP_841480_2552970,-84.148,255.297,7.844,47,12.51420766160913,126.62450156254813,0.0,0.5662762142891903
SP_809650_0886110,-80.965,88.611,40.45,248,12.528206199441616,127.03359358523848,0.0,0.5667736954713398
SP_807960_1146420,-80.796,114.642,11.745,71,12.652076764091763,126.07354525616935,0.0,0.5671331029869857
SP_806710_1408660,-80.671,140.867,18.803,112,12.505059722046811,127.91091098135733,0.0,0.5673225808396779
SP_809420_0826190,-80.942,82.619,17.107,104,12.23913050370261,131.46863994682388,0.0,0.567872075914293
SP_820160_2479830,-82.016,247.983,5.011,30,12.829573286264827,125.31709567291288,0.0,0.5681946817880872
SP_805100_2821250,-80.51,282.125,8.165,50,12.465011043588705,130.38042612642116,0.0,0.5691121999441946
SP_836400_2007930,-83.64,200.793,7.592,43,13.078339572380145,124.05635761508047,0.0,0.5695054891071001
SP_828090_3217290,-82.809,321.729,6.854,43,12.503794225644405,131.2126995243177,0.0,0.5702246838414898
SP_806990_2609570,-80.699,260.957,46.166,277,12.658226834094785,130.58447989242396,0.0,0.5711747457238554
SP_848780_1995820,-84.878,199.582,6.577,40,12.811992582072765,129.59451794603143,0.0,0.5717990068740992
SP_847930_2862170,-84.793,286.217,5.674,35,13.158721356604701,126.1539942641682,0.0,0.5721401675192824
SP_846040_3080410,-84.603,308.044,13.741,80,12.948377288718282,129.4687332866551,0.0,0.5730167253849109
SP_858720_3388420,-85.872,338.842,5.756,36,12.994682061035823,129.26148945068215,0.0,0.5732849253120812
SP_818450_3211710,-81.845,321.171,22.756,137,13.085963479336725,129.17134236828502,0.0,0.5740946756064726
SP_811360_3570070,-81.136,357.007,130.579,798,12.867290182343146,131.60601917072407,0.0,0.5741132689605629
SP_800780_0456630,-80.077,45.661,37.537,230,12.913361153606491,131.55710154972638,0.0,0.5745189428911855
SP_827270_2065240,-82.727,206.524,8.737,52,12.945640470834368,131.3084424535098,0.0,0.5746139413805222
SP_815660_2829890,-81.566,282.989,7.121,43,13.173103664345463,132.15884915049966,0.0,0.5775806717996006
SP_812070_0308360,-81.207,30.836,7.445,45,13.362719850353102,130.4045433230372,0.0,0.5778795374281732
SP_844930_2526440,-84.493,252.644,6.743,41,13.465340855503142,130.05284522112294,0.0,0.5785688985721529
SP_809710_0357350,-80.97,35.736,166.374,1014,12.955956567897022,137.76973342213716,0.0,0.5804177183753302
SP_807910_0455060,-80.791,45.507,85.403,519,13.360547415417313,136.49368578263852,0.0,0.5832331540848209
SP_867870_0536640,-86.787,53.664,11.444,70,13.606266096811579,134.77431630506882,0.0,0.5841094435924222
SP_802260_0424290,-80.226,42.429,99.882,612,13.516258925341646,136.69179361260777,0.0,0.5849250609548203
SP_883120_2691430,-88.312,269.144,243.392,1480,13.276375769874193,139.59369083111773,0.0,0.5851494218595598
SP_831760_2041370,-83.176,204.137,5.137,30,14.261202467809523,133.05879892955085,0.0,0.5889759920552449
SP_824450_2271370,-82.445,227.137,20.005,124,13.620048730222658,140.3792583905363,0.0,0.5891911092752816
SP_812380_0532000,-81.238,53.2,6.354,39,13.80898697839059,139.54941742037246,0.0,0.5902993793197903
SP_877630_0142920,-87.763,14.292,5.339,33,14.367707424446024,136.08283510594404,0.0,0.5926828960303978
SP_821760_0111040,-82.174,11.11,300.589,1835,13.68711045839797,143.75563326426814,0.0,0.5928247355960742
SP_827050_2262610,-82.705,226.261,5.735,38,14.26777785575805,137.46964298790843,0.0,0.5929334302686836
SP_830490_3505380,-83.049,350.54,102.211,619,13.8677166352136,142.10403387808833,0.0,0.5931264772086565
SP_804240_1354850,-80.424,135.48,155.909,944,13.798529072400871,143.1215541455629,0.0,0.5933505557423854
SP_843980_2899650,-84.398,289.965,19.775,124,14.414869165356277,137.1471227133654,0.0,0.5940818041465278
SP_811170_1103320,-81.117,110.332,15.679,97,14.31143323741024,138.934422450198,0.0,0.5946516845149356
SP_802230_0561110,-80.223,56.111,16.119,99,13.751035355355004,145.33224699261913,0.0,0.5948391825345455
SP_818580_2863520,-81.858,286.352,11.045,69,13.846404025470259,144.6846194869632,0.0,0.5951966749990968
SP_818960_3003250,-81.896,300.325,6.109,35,14.452357328917316,138.66257511549637,0.0,0.5957847015724305
SP_876470_0668600,-87.647,66.86,5.9,35,14.588428235542187,137.80642192926507,0.0,0.5963546790378593
SP_849230_2362280,-84.923,236.228,10.382,62,14.04538211953097,144.34144813666975,0.0,0.5968323345514334
SP_843550_2251140,-84.355,225.114,76.759,465,13.973965722534363,146.03764309285043,0.0,0.5976337529056561
SP_810980_1423640,-81.098,142.364,8.053,50,14.889461815092059,137.1855606934968,0.0,0.5987395158690667
SP_841420_0059530,-84.142,5.947,194.951,1197,14.065935943225773,146.75600871605883,0.0,0.5991638742867916
SP_845460_0695020,-84.546,69.502,6.484,41,14.687828868325951,142.91027665505675,0.0,0.6018281884351883
SP_809240_3091310,-80.924,309.131,5.051,30,14.693204250268876,143.95828212764488,0.0,0.6028056153270798
SP_870200_0151380,-87.02,15.138,7.556,48,15.065348119963701,140.56824187069063,0.0,0.6034389468351128
SP_806880_0857630,-80.688,85.763,300.24,1831,14.315711165773767,149.81108194207937,0.0,0.6042940041067776
SP_830590_0483090,-83.059,48.309,6.106,36,14.830724752969303,144.53577774503225,0.0,0.604655172955951
SP_838910_1184700,-83.891,118.47,326.804,1991,14.291065269428076,152.3059442438151,0.0,0.6062560604040214
SP_814960_0183290,-81.496,18.329,5.299,32,15.02378908960161,144.934088019397,0.0,0.6068877100730315
SP_838590_2630960,-83.859,263.096,25.358,157,14.495759942724977,153.45399406297253,0.0,0.6092636899237995
SP_877030_1108490,-87.703,110.849,5.526,34,16.030364828563474,137.56216965290238,0.0,0.6101873443030863
SP_816780_2566500,-81.678,256.65,8.739,53,15.353822304448935,153.98080466369947,0.0,0.6180884854163167
SP_839920_3091290,-83.992,309.129,74.531,458,15.209903863741562,158.9263735674621,0.0,0.62105170959419
SP_834700_1757740,-83.47,175.773,113.461,686,15.246549789181723,160.9758474357705,0.0,0.6232177730152217
SP_878530_3185060,-87.853,318.505,11.257,70,15.809194969290965,155.80726989105605,0.0,0.6241372049007118
SP_840060_2508150,-84.006,250.815,7.83,47,15.918561855581027,154.76813424801668,0.0,0.6242854993460667
SP_860110_2096940,-86.011,209.694,6.39,42,16.286573366960898,151.8468759245558,0.0,0.625292356587962
SP_846960_1555270,-84.696,155.524,15.264,93,15.852878547906554,156.7126432515677,0.0,0.6253619556619368
SP_869770_0325310,-86.977,32.531,8.748,55,16.134603587103765,155.0921598122234,0.0,0.626676327002154
SP_838780_3211110,-83.878,321.11,11.808,69,15.916742972480113,159.5608722835308,0.0,0.6284982465183672
SP_836140_2415060,-83.614,241.506,6.714,42,16.574481371241063,152.48278006515824,0.0,0.6286586410257776
SP_809100_3154980,-80.91,315.498,5.958,35,15.998536656419404,161.1462829622595,0.0,0.6306945474520219
SP_802920_0385530,-80.292,38.553,33.451,205,15.83950376067687,163.42400286879558,0.0,0.6311556523263893
SP_805410_3513540,-80.541,351.354,13.421,83,15.57163813563439,166.57171822718402,0.0,0.6313243696985028
SP_875190_1358460,-87.519,135.846,5.432,32,16.349163615955693,158.65153092609995,0.0,0.6319085031474841
SP_824430_1935820,-82.443,193.582,5.501,36,17.04916665494951,161.05442065141023,0.0,0.6408493672328893
SP_804650_0491050,-80.465,49.105,17.993,113,16.612329894054003,168.8185872294884,0.0,0.6434467229565757
SP_833910_3116550,-83.391,311.655,7.913,52,17.112588474478958,164.95577374251917,0.0,0.644910920543732
SP_809640_3141160,-80.964,314.116,11.815,72,16.87356328203253,170.49315283139777,0.0,0.6474699350381897
SP_814440_3172250,-81.444,317.226,98.377,597,16.679435221463482,173.43396307225873,0.0,0.6481744190118779
SP_832830_2218380,-83.282,221.839,11.452,69,17.292865321409906,168.0264378323662,0.0,0.6493777148143501
SP_820100_2831290,-82.01,283.129,8.016,52,17.317904453105537,170.89522847994556,0.0,0.6521538943823357
SP_814860_0681830,-81.486,68.183,11.279,67,17.034734536278776,174.82382521407504,0.0,0.6528627782526315
SP_823430_2318760,-82.343,231.876,5.126,30,17.692150869170575,167.92214311046277,0.0,0.6531757491806057
SP_802980_2902000,-80.298,290.2,5.069,30,17.466783463376874,170.4339450340486,0.0,0.6531972012982368
SP_821070_1910430,-82.107,191.043,7.701,45,17.33595408034715,171.99391592449982,0.0,0.6532995379355836
SP_862290_2910480,-86.229,291.048,5.35,34,18.861859095060073,159.2374921173427,0.0,0.6569059971252126
SP_838740_2774750,-83.874,277.475,9.364,57,17.910865093928027,169.8830204841616,0.0,0.6570374350589828
SP_843960_1621040,-84.396,162.104,32.076,197,17.127597730146434,178.96850999499,0.0,0.6574259528614413
SP_875750_3329770,-87.575,332.977,11.268,69,17.655038506789563,176.1181213975775,0.0,0.6600486268102994
SP_837200_2975300,-83.72,297.531,10.094,63,17.88386440769618,173.92999707772398,0.0,0.6603465742342888
SP_811330_2793740,-81.133,279.374,7.805,48,17.830237435236892,175.7475701430203,0.0,0.6614284468475158
SP_812330_0660150,-81.233,66.015,17.099,105,17.419187537015954,180.81805301148933,0.0,0.6618993660369451
SP_835040_2720960,-83.504,272.097,14.886,91,17.945744611844614,175.97548423001516,0.0,0.6627549670276502
SP_840570_2974330,-84.057,297.433,8.37,50,18.04395799129136,175.32082649943553,0.0,0.6631339689988949
SP_820160_2631910,-82.016,263.191,7.2,42,18.076308881623817,174.99624683619632,0.0,0.6631626510129585
SP_823970_0589970,-82.397,58.997,7.373,44,18.10648596394474,176.5005518292222,0.0,0.6647844796122255
SP_813110_2434290,-81.311,243.429,8.583,52,18.11165541274569,177.53919369296895,0.0,0.6657516350752212
SP_841710_1745910,-84.171,174.591,5.836,36,18.439954721132874,174.16879070782196,0.0,0.6659751384897894
SP_803140_1948670,-80.314,194.867,26.77,162,17.662712575505765,184.16037489012538,0.0,0.6672221520646019
SP_837240_2836250,-83.723,283.625,11.088,66,18.167867361951934,178.93642482403155,0.0,0.6675325996250865
SP_805640_3296770,-80.564,329.677,5.933,37,18.376467480648273,178.02515961855931,0.0,0.6687605563266744
SP_804280_1769430,-80.428,176.943,9.029,54,18.34771149959921,178.9833986301873,0.0,0.6693262184717363
SP_873890_2512470,-87.389,251.247,46.933,289,17.955407098686567,186.33876569338335,0.0,0.6719965964050498
SP_828910_2713550,-82.891,271.356,73.786,452,18.023427615805016,188.21162712772608,0.0,0.6743124382606615
SP_820270_2146540,-82.027,214.654,7.132,44,18.811872196733106,181.0858887880586,0.0,0.6757041990360366
SP_839950_3514880,-83.995,351.488,13.273,80,18.396598171097622,187.12832435607478,0.0,0.6769918901152321
SP_824630_2701340,-82.463,270.134,11.143,101,18.26946826357257,189.00546556306293,0.0,0.677410230207203
SP_820970_2909760,-82.097,290.976,9.187,54,18.784564579773075,184.12160787577818,0.0,0.6781177281936425
SP_813450_1950160,-81.345,195.016,7.512,44,18.50200212936067,187.69499308500028,0.0,0.6785189912503894
SP_836320_2801250,-83.631,280.125,43.056,259,18.658662786196775,189.26231330315042,0.0,0.681428725668302
SP_858910_0680440,-85.89,68.043,17.276,104,19.055277786408087,187.74677639360345,0.0,0.6839550625226709
SP_853430_1441490,-85.343,144.149,9.076,57,19.205427007534347,186.14609557881764,0.0,0.6840050180710113
SP_825510_3282650,-82.551,328.265,7.963,47,19.10700732531466,187.26752152371367,0.0,0.6840360144860678
SP_826030_1728380,-82.603,172.838,7.909,48,19.31975914375548,187.17157192638388,0.0,0.6860240848266402
SP_843890_1402790,-84.389,140.279,9.882,65,19.38469218797864,186.67461366230978,0.0,0.6862180472457935
SP_819070_2456410,-81.907,245.641,7.29,46,19.567694477664606,185.86740673036488,0.0,0.6872884640891449
SP_848170_2531360,-84.817,253.136,8.942,53,19.667621248286054,185.46821085056735,0.0,0.6879096508121695
SP_846240_2956370,-84.624,295.637,6.944,44,19.65734764613125,186.69468190016198,0.0,0.6888921438690768
SP_820540_0583270,-82.054,58.327,12.11,73,19.337680516619706,194.37942836513304,0.0,0.6925609378220605
SP_803440_2408640,-80.344,240.864,7.815,48,19.415149952395375,194.2492157564952,0.0,0.6932007578511109
SP_812260_3436580,-81.226,343.658,34.433,208,19.44462708808913,196.21658320074465,0.0,0.695224504430866
SP_808300_2825240,-80.83,282.524,23.731,146,19.031123906352075,200.88591866896684,0.0,0.6953174362245029
SP_820930_2525100,-82.093,252.51,12.96,80,19.514132377381483,196.0298655505775,0.0,0.6957368566503612
SP_818940_2907730,-81.894,290.773,8.821,52,19.626335724547776,196.08282694489975,0.0,0.6968767610752796
SP_811360_2696810,-81.136,269.681,7.186,43,20.04628444261775,193.14615182601662,0.0,0.6983760154467661
SP_814340_3246240,-81.434,324.624,19.386,119,19.522374119752847,199.91547509333478,0.0,0.6992469140243508
SP_822410_0595740,-82.241,59.574,12.427,72,19.774089540208042,198.12461141892004,0.0,0.7001185208698346
SP_882670_1568690,-88.267,156.869,10.897,65,20.0686809817447,195.00359821920267,0.0,0.700233752923737
SP_804590_3088780,-80.454,308.857,13.928,84,19.463751846278655,203.7353747670714,0.0,0.7020475386895898
SP_811420_0983240,-81.142,98.324,5.818,33,20.56186041311307,193.3882501486345,0.0,0.7036127802239437
SP_838270_2552930,-83.827,255.293,16.553,101,19.974974368839185,200.44175174773278,0.0,0.7041209686582433
SP_846740_2192870,-84.674,219.287,28.861,177,19.793897900015022,202.85683181563465,0.0,0.7044885565009815
SP_809570_2454450,-80.957,245.445,9.198,55,20.116327147353967,199.8326373034105,0.0,0.7049604623480499
SP_838860_2839350,-83.886,283.934,10.062,58,20.13536508510929,199.7612558359525,0.0,0.7050829348349807
SP_883170_0809830,-88.317,80.983,28.66,176,19.879505785803136,203.25633734185885,0.0,0.7056752396188125
SP_817610_0619190,-81.761,61.919,79.178,482,19.918205549385018,209.06660346893221,0.0,0.7111808998370462
SP_871270_0406840,-87.127,40.682,30.654,186,20.21775113227651,208.78667068713526,0.0,0.7138521713742173
SP_799960_1284580,-79.996,128.458,6.382,39,21.108550617493698,200.47373057446742,0.0,0.715193215970169
SP_867930_0609460,-86.793,60.947,24.347,150,20.545385126594994,208.4290157877637,0.0,0.7167284940805717
SP_864040_0314430,-86.404,31.443,120.578,737,20.244403368417977,211.98471469899653,0.0,0.7169346931437534
SP_815020_2945690,-81.502,294.569,71.806,435,20.300454301541006,212.75456624414227,0.0,0.7181603117430483
SP_839380_1322510,-83.938,132.251,5.774,34,21.362978222176835,202.07654917359218,0.0,0.7190867919339936
SP_828390_0052930,-82.839,5.293,9.918,62,20.875360814400715,209.32535498382893,0.0,0.7207345101922039
SP_810100_3511850,-81.01,351.185,9.648,57,20.827917923148235,210.0900897483453,0.0,0.7209473096942544
SP_840980_0797630,-84.098,79.764,14.234,85,20.965427274742204,209.3777878414475,0.0,0.7216582764684212
SP_812320_3534500,-81.232,353.45,13.378,81,20.421073809432656,215.9596502365153,0.0,0.7221645364561199
SP_814010_0196980,-81.401,19.698,14.03,85,20.749813991859575,212.62182343895867,0.0,0.7224210895893295
SP_804940_3070250,-80.494,307.025,17.433,107,20.63839336623606,214.13408832100632,0.0,0.7226704093970385
SP_830080_0535120,-83.008,53.512,22.471,136,20.327983482676142,220.48318017915554,0.0,0.7252504338466865
SP_810640_3383670,-81.064,338.367,30.669,185,20.99173590264507,220.88729688215025,0.0,0.732073838606909
SP_825930_2151660,-82.593,215.166,6.682,39,22.23554990077697,210.7851748999137,0.0,0.7352748946782444
SP_856880_1382610,-85.688,138.261,6.077,36,22.39925827360124,211.57056657474666,0.0,0.7375630974729968
SP_838890_3143320,-83.889,314.332,17.708,108,22.34514514243321,225.86930994134272,0.0,0.749657149161816
SP_861810_0724650,-86.181,72.465,22.91,141,22.267457483104014,227.8251759671653,0.0,0.7506266761049721
SP_823350_2167510,-82.335,216.751,16.088,95,22.70439509425377,229.03845437939603,0.0,0.7559545400681409
SP_842890_0563440,-84.289,56.343,98.05,598,22.28805223567146,235.31088881916634,0.0,0.7574348339676921
SP_818790_1353780,-81.879,135.378,16.276,98,22.251415984293576,236.9042106738897,0.0,0.7584842982745927
SP_817350_2002230,-81.735,200.223,46.735,285,22.143016001736466,238.65017448939045,0.0,0.7589693291578217
SP_816480_0652210,-81.648,65.222,79.788,482,22.545619155575256,240.69703554814538,0.0,0.76469847416414
SP_843920_1135430,-84.392,113.543,8.942,52,24.027036941275973,226.07790745548968,0.0,0.7662273332867346
SP_811620_1020450,-81.162,102.045,24.091,148,23.382839145177094,245.85105548499382,0.0,0.7774045685586914
SP_819860_1568660,-81.986,156.866,10.735,64,24.296752702010373,243.1329044662261,0.0,0.7839092297661876
SP_814860_0147990,-81.486,14.799,37.039,226,23.784244210022983,255.00625815680348,0.0,0.789396452578999
SP_835090_2977670,-83.509,297.768,17.467,107,24.544787513724042,247.9319631820591,0.0,0.7905617895599973
SP_806240_0172810,-80.624,17.281,79.92,493,23.9903625955709,258.25749996626456,0.0,0.7942744044043396
SP_863550_0488280,-86.355,48.829,132.631,804,24.12141509426961,257.7808185618359,0.0,0.7951304426019699
SP_817950_1586580,-81.795,158.658,43.429,266,24.42253428983687,259.21501063575045,0.0,0.7993300739649316
SP_821220_2853910,-82.122,285.391,10.788,65,25.38363540237223,255.99101366701848,0.0,0.8058479647576722
SP_842420_0421060,-84.242,42.106,25.463,153,25.410497310924484,264.0182844057419,0.0,0.8131952051200924
SP_832640_0090770,-83.264,9.077,32.494,201,25.521008226652324,272.5822454092466,0.0,0.8218311345823943
SP_875930_3125710,-87.593,312.57,101.851,622,25.526855418452634,272.81792404035355,0.0,0.8220961311370755
SP_896450_1282030,-89.645,128.203,233.698,1426,26.52164045122196,291.74447400033665,0.0,0.8484941009885655
